FIPS,County,State,Country,Date,lat,lon,Confirmed,Deaths,Confirmed,Active,Combined_Key
12001,Alachua,Florida,US,2020-03-31 23:43:56,29.67866525,-82.35928158,87,0,0,0,"Alachua, Florida, US"
12001,Alachua,Florida,US,2020-03-23 23:19:34,29.67866525,-82.35928158,36,0,0,0,"Alachua, Florida, US"
12001,Alachua,Florida,US,2020-04-02 23:25:27,29.67866525,-82.35928158,95,0,0,0,"Alachua, Florida, US"
12001,Alachua,Florida,US,2020-03-28 23:05:37,29.67866525,-82.35928158,67,0,0,0,"Alachua, Florida, US"
12001,Alachua,Florida,US,2020-04-05 23:06:45,29.67866525,-82.35928158,123,0,0,0,"Alachua, Florida, US"
12001,Alachua,Florida,US,2020-03-26 23:48:35,29.67866525,-82.35928158,49,0,0,0,"Alachua, Florida, US"
12001,Alachua,Florida,US,2020-04-04 23:34:21,29.67866525,-82.35928158,116,0,0,0,"Alachua, Florida, US"
12001,Alachua,Florida,US,2020-03-27 22:14:55,29.67866525,-82.35928158,57,0,0,0,"Alachua, Florida, US"
12001,Alachua,Florida,US,2020-03-29 23:08:25,29.67866525,-82.35928158,71,0,0,0,"Alachua, Florida, US"
12001,Alachua,Florida,US,2020-03-24 23:37:31,29.67866525,-82.35928158,37,0,0,0,"Alachua, Florida, US"
12001,Alachua,Florida,US,2020-04-01 21:58:49,29.67866525,-82.35928158,90,0,0,0,"Alachua, Florida, US"
12001,Alachua,Florida,US,2020-03-30 22:52:45,29.67866525,-82.35928158,79,0,0,0,"Alachua, Florida, US"
12001,Alachua,Florida,US,2020-03-25 23:33:19,29.67866525,-82.35928158,45,0,0,0,"Alachua, Florida, US"
12001,Alachua,Florida,US,2020-04-03 22:46:37,29.67866525,-82.35928158,110,0,0,0,"Alachua, Florida, US"
12001,Alachua,Florida,US,3/22/20 23:45,29.67866525,-82.35928158,35,0,0,0,"Alachua, Florida, US"
12003,Baker,Florida,US,2020-03-25 23:33:19,30.33060121,-82.28467476,5,0,0,0,"Baker, Florida, US"
12003,Baker,Florida,US,2020-03-27 22:14:55,30.33060121,-82.28467476,7,0,0,0,"Baker, Florida, US"
12003,Baker,Florida,US,2020-04-03 22:46:37,30.33060121,-82.28467476,11,0,0,0,"Baker, Florida, US"
12003,Baker,Florida,US,2020-03-31 23:43:56,30.33060121,-82.28467476,9,0,0,0,"Baker, Florida, US"
12003,Baker,Florida,US,2020-03-23 23:19:34,30.33060121,-82.28467476,3,0,0,0,"Baker, Florida, US"
12003,Baker,Florida,US,2020-04-02 23:25:27,30.33060121,-82.28467476,11,0,0,0,"Baker, Florida, US"
12003,Baker,Florida,US,2020-03-28 23:05:37,30.33060121,-82.28467476,7,0,0,0,"Baker, Florida, US"
12003,Baker,Florida,US,2020-04-04 23:34:21,30.33060121,-82.28467476,11,0,0,0,"Baker, Florida, US"
12003,Baker,Florida,US,2020-03-26 23:48:35,30.33060121,-82.28467476,5,0,0,0,"Baker, Florida, US"
12003,Baker,Florida,US,2020-03-29 23:08:25,30.33060121,-82.28467476,7,0,0,0,"Baker, Florida, US"
12003,Baker,Florida,US,2020-03-24 23:37:31,30.33060121,-82.28467476,4,0,0,0,"Baker, Florida, US"
12003,Baker,Florida,US,3/22/20 23:45,30.33060121,-82.28467476,2,0,0,0,"Baker, Florida, US"
12003,Baker,Florida,US,2020-04-05 23:06:45,30.33060121,-82.28467476,12,0,0,0,"Baker, Florida, US"
12003,Baker,Florida,US,2020-04-01 21:58:49,30.33060121,-82.28467476,9,0,0,0,"Baker, Florida, US"
12003,Baker,Florida,US,2020-03-30 22:52:45,30.33060121,-82.28467476,8,0,0,0,"Baker, Florida, US"
12005,Bay,Florida,US,2020-04-01 21:58:49,30.26548745,-85.62122584,10,0,0,0,"Bay, Florida, US"
12005,Bay,Florida,US,2020-03-30 22:52:45,30.26548745,-85.62122584,6,0,0,0,"Bay, Florida, US"
12005,Bay,Florida,US,2020-03-28 23:05:37,30.26548745,-85.62122584,5,0,0,0,"Bay, Florida, US"
12005,Bay,Florida,US,2020-03-29 23:08:25,30.26548745,-85.62122584,6,0,0,0,"Bay, Florida, US"
12005,Bay,Florida,US,2020-03-31 23:43:56,30.26548745,-85.62122584,8,0,0,0,"Bay, Florida, US"
12005,Bay,Florida,US,3/22/20 23:45,30.26548745,-85.62122584,1,0,0,0,"Bay, Florida, US"
12005,Bay,Florida,US,2020-04-05 23:06:45,30.26548745,-85.62122584,24,1,0,0,"Bay, Florida, US"
12005,Bay,Florida,US,2020-03-23 23:19:34,30.26548745,-85.62122584,1,0,0,0,"Bay, Florida, US"
12005,Bay,Florida,US,2020-04-02 23:25:27,30.26548745,-85.62122584,15,0,0,0,"Bay, Florida, US"
12005,Bay,Florida,US,2020-04-04 23:34:21,30.26548745,-85.62122584,23,1,0,0,"Bay, Florida, US"
12005,Bay,Florida,US,2020-03-24 23:37:31,30.26548745,-85.62122584,1,0,0,0,"Bay, Florida, US"
12005,Bay,Florida,US,2020-04-03 22:46:37,30.26548745,-85.62122584,18,0,0,0,"Bay, Florida, US"
12005,Bay,Florida,US,2020-03-27 22:14:55,30.26548745,-85.62122584,3,0,0,0,"Bay, Florida, US"
12005,Bay,Florida,US,2020-03-25 23:33:19,30.26548745,-85.62122584,1,0,0,0,"Bay, Florida, US"
12005,Bay,Florida,US,2020-03-26 23:48:35,30.26548745,-85.62122584,3,0,0,0,"Bay, Florida, US"
12007,Bradford,Florida,US,2020-04-02 23:25:27,29.95079741,-82.16611613,5,0,0,0,"Bradford, Florida, US"
12007,Bradford,Florida,US,2020-03-26 23:48:35,29.95079741,-82.16611613,1,0,0,0,"Bradford, Florida, US"
12007,Bradford,Florida,US,2020-04-03 22:46:37,29.95079741,-82.16611613,5,0,0,0,"Bradford, Florida, US"
12007,Bradford,Florida,US,2020-03-31 23:43:56,29.95079741,-82.16611613,2,0,0,0,"Bradford, Florida, US"
12007,Bradford,Florida,US,2020-03-27 22:14:55,29.95079741,-82.16611613,1,0,0,0,"Bradford, Florida, US"
12007,Bradford,Florida,US,2020-03-28 23:05:37,29.95079741,-82.16611613,1,0,0,0,"Bradford, Florida, US"
12007,Bradford,Florida,US,2020-04-05 23:06:45,29.95079741,-82.16611613,7,0,0,0,"Bradford, Florida, US"
12007,Bradford,Florida,US,2020-03-23 23:19:34,29.95079741,-82.16611613,1,0,0,0,"Bradford, Florida, US"
12007,Bradford,Florida,US,2020-03-30 22:52:45,29.95079741,-82.16611613,2,0,0,0,"Bradford, Florida, US"
12007,Bradford,Florida,US,2020-04-04 23:34:21,29.95079741,-82.16611613,6,0,0,0,"Bradford, Florida, US"
12007,Bradford,Florida,US,2020-04-01 21:58:49,29.95079741,-82.16611613,3,0,0,0,"Bradford, Florida, US"
12007,Bradford,Florida,US,2020-03-25 23:33:19,29.95079741,-82.16611613,1,0,0,0,"Bradford, Florida, US"
12007,Bradford,Florida,US,3/22/20 23:45,29.95079741,-82.16611613,1,0,0,0,"Bradford, Florida, US"
12007,Bradford,Florida,US,2020-03-29 23:08:25,29.95079741,-82.16611613,1,0,0,0,"Bradford, Florida, US"
12007,Bradford,Florida,US,2020-03-24 23:37:31,29.95079741,-82.16611613,1,0,0,0,"Bradford, Florida, US"
12009,Brevard,Florida,US,2020-04-05 23:06:45,28.29409504,-80.73091022,79,0,0,0,"Brevard, Florida, US"
12009,Brevard,Florida,US,2020-03-31 23:43:56,28.29409504,-80.73091022,37,0,0,0,"Brevard, Florida, US"
12009,Brevard,Florida,US,2020-03-23 23:19:34,28.29409504,-80.73091022,7,0,0,0,"Brevard, Florida, US"
12009,Brevard,Florida,US,2020-03-25 23:33:19,28.29409504,-80.73091022,11,0,0,0,"Brevard, Florida, US"
12009,Brevard,Florida,US,2020-03-30 22:52:45,28.29409504,-80.73091022,31,0,0,0,"Brevard, Florida, US"
12009,Brevard,Florida,US,2020-04-03 22:46:37,28.29409504,-80.73091022,62,0,0,0,"Brevard, Florida, US"
12009,Brevard,Florida,US,2020-04-02 23:25:27,28.29409504,-80.73091022,49,0,0,0,"Brevard, Florida, US"
12009,Brevard,Florida,US,2020-03-24 23:37:31,28.29409504,-80.73091022,9,0,0,0,"Brevard, Florida, US"
12009,Brevard,Florida,US,2020-03-29 23:08:25,28.29409504,-80.73091022,28,0,0,0,"Brevard, Florida, US"
12009,Brevard,Florida,US,2020-03-27 22:14:55,28.29409504,-80.73091022,16,0,0,0,"Brevard, Florida, US"
12009,Brevard,Florida,US,2020-03-28 23:05:37,28.29409504,-80.73091022,26,0,0,0,"Brevard, Florida, US"
12009,Brevard,Florida,US,2020-04-01 21:58:49,28.29409504,-80.73091022,38,0,0,0,"Brevard, Florida, US"
12009,Brevard,Florida,US,3/22/20 23:45,28.29409504,-80.73091022,7,0,0,0,"Brevard, Florida, US"
12009,Brevard,Florida,US,2020-04-04 23:34:21,28.29409504,-80.73091022,72,0,0,0,"Brevard, Florida, US"
12009,Brevard,Florida,US,2020-03-26 23:48:35,28.29409504,-80.73091022,13,0,0,0,"Brevard, Florida, US"
12011,Broward,Florida,US,2020-04-03 22:46:37,26.15184651,-80.48725556,1598,22,0,0,"Broward, Florida, US"
12011,Broward,Florida,US,2020-03-27 22:14:55,26.15184651,-80.48725556,614,5,0,0,"Broward, Florida, US"
12011,Broward,Florida,US,2020-04-01 21:58:49,26.15184651,-80.48725556,1232,12,0,0,"Broward, Florida, US"
12011,Broward,Florida,US,2020-03-30 22:52:45,26.15184651,-80.48725556,1152,11,0,0,"Broward, Florida, US"
12011,Broward,Florida,US,2020-03-26 23:48:35,26.15184651,-80.48725556,504,3,0,0,"Broward, Florida, US"
12011,Broward,Florida,US,2020-03-23 23:19:34,26.15184651,-80.48725556,263,3,0,0,"Broward, Florida, US"
12011,Broward,Florida,US,2020-04-05 23:06:45,26.15184651,-80.48725556,1886,40,0,0,"Broward, Florida, US"
12011,Broward,Florida,US,3/22/20 23:45,26.15184651,-80.48725556,217,3,0,0,"Broward, Florida, US"
12011,Broward,Florida,US,2020-04-02 23:25:27,26.15184651,-80.48725556,1481,17,0,0,"Broward, Florida, US"
12011,Broward,Florida,US,2020-03-29 23:08:25,26.15184651,-80.48725556,838,11,0,0,"Broward, Florida, US"
12011,Broward,Florida,US,2020-03-24 23:37:31,26.15184651,-80.48725556,311,3,0,0,"Broward, Florida, US"
12011,Broward,Florida,US,2020-04-04 23:34:21,26.15184651,-80.48725556,1765,31,0,0,"Broward, Florida, US"
12011,Broward,Florida,US,2020-03-28 23:05:37,26.15184651,-80.48725556,814,10,0,0,"Broward, Florida, US"
12011,Broward,Florida,US,2020-03-31 23:43:56,26.15184651,-80.48725556,1219,12,0,0,"Broward, Florida, US"
12011,Broward,Florida,US,2020-03-25 23:33:19,26.15184651,-80.48725556,355,3,0,0,"Broward, Florida, US"
12013,Calhoun,Florida,US,2020-03-26 23:48:35,30.40666734,-85.19394153,0,0,0,0,"Calhoun, Florida, US"
12013,Calhoun,Florida,US,2020-04-03 22:46:37,30.40666734,-85.19394153,2,0,0,0,"Calhoun, Florida, US"
12013,Calhoun,Florida,US,2020-03-24 23:37:31,30.40666734,-85.19394153,0,0,0,0,"Calhoun, Florida, US"
12013,Calhoun,Florida,US,2020-04-04 23:34:21,30.40666734,-85.19394153,3,0,0,0,"Calhoun, Florida, US"
12013,Calhoun,Florida,US,2020-03-25 23:33:19,30.40666734,-85.19394153,0,0,0,0,"Calhoun, Florida, US"
12013,Calhoun,Florida,US,2020-04-05 23:06:45,30.40666734,-85.19394153,3,0,0,0,"Calhoun, Florida, US"
12013,Calhoun,Florida,US,2020-04-02 23:25:27,30.40666734,-85.19394153,1,0,0,0,"Calhoun, Florida, US"
12013,Calhoun,Florida,US,2020-03-27 22:14:55,30.40666734,-85.19394153,0,0,0,0,"Calhoun, Florida, US"
12013,Calhoun,Florida,US,2020-03-31 23:43:56,30.40666734,-85.19394153,1,0,0,0,"Calhoun, Florida, US"
12013,Calhoun,Florida,US,2020-03-28 23:05:37,30.40666734,-85.19394153,0,0,0,0,"Calhoun, Florida, US"
12013,Calhoun,Florida,US,2020-03-23 23:19:34,30.40666734,-85.19394153,0,0,0,0,"Calhoun, Florida, US"
12013,Calhoun,Florida,US,3/22/20 23:45,30.40666734,-85.19394153,0,0,0,0,"Calhoun, Florida, US"
12013,Calhoun,Florida,US,2020-03-29 23:08:25,30.40666734,-85.19394153,0,0,0,0,"Calhoun, Florida, US"
12013,Calhoun,Florida,US,2020-03-30 22:52:45,30.40666734,-85.19394153,0,0,0,0,"Calhoun, Florida, US"
12013,Calhoun,Florida,US,2020-04-01 21:58:49,30.40666734,-85.19394153,1,0,0,0,"Calhoun, Florida, US"
12015,Charlotte,Florida,US,2020-03-25 23:33:19,26.90131002,-81.92949121,3,0,0,0,"Charlotte, Florida, US"
12015,Charlotte,Florida,US,2020-04-01 21:58:49,26.90131002,-81.92949121,24,0,0,0,"Charlotte, Florida, US"
12015,Charlotte,Florida,US,2020-03-28 23:05:37,26.90131002,-81.92949121,12,0,0,0,"Charlotte, Florida, US"
12015,Charlotte,Florida,US,2020-03-23 23:19:34,26.90131002,-81.92949121,3,0,0,0,"Charlotte, Florida, US"
12015,Charlotte,Florida,US,2020-04-05 23:06:45,26.90131002,-81.92949121,47,1,0,0,"Charlotte, Florida, US"
12015,Charlotte,Florida,US,2020-03-29 23:08:25,26.90131002,-81.92949121,16,0,0,0,"Charlotte, Florida, US"
12015,Charlotte,Florida,US,2020-04-02 23:25:27,26.90131002,-81.92949121,38,0,0,0,"Charlotte, Florida, US"
12015,Charlotte,Florida,US,2020-03-27 22:14:55,26.90131002,-81.92949121,5,0,0,0,"Charlotte, Florida, US"
12015,Charlotte,Florida,US,2020-03-26 23:48:35,26.90131002,-81.92949121,3,0,0,0,"Charlotte, Florida, US"
12015,Charlotte,Florida,US,2020-03-24 23:37:31,26.90131002,-81.92949121,3,0,0,0,"Charlotte, Florida, US"
12015,Charlotte,Florida,US,2020-03-30 22:52:45,26.90131002,-81.92949121,18,0,0,0,"Charlotte, Florida, US"
12015,Charlotte,Florida,US,2020-04-03 22:46:37,26.90131002,-81.92949121,43,1,0,0,"Charlotte, Florida, US"
12015,Charlotte,Florida,US,2020-03-31 23:43:56,26.90131002,-81.92949121,24,0,0,0,"Charlotte, Florida, US"
12015,Charlotte,Florida,US,2020-04-04 23:34:21,26.90131002,-81.92949121,46,1,0,0,"Charlotte, Florida, US"
12015,Charlotte,Florida,US,3/22/20 23:45,26.90131002,-81.92949121,2,0,0,0,"Charlotte, Florida, US"
12017,Citrus,Florida,US,2020-03-29 23:08:25,28.84804315,-82.47614748,15,1,0,0,"Citrus, Florida, US"
12017,Citrus,Florida,US,3/22/20 23:45,28.84804315,-82.47614748,8,0,0,0,"Citrus, Florida, US"
12017,Citrus,Florida,US,2020-03-24 23:37:31,28.84804315,-82.47614748,9,0,0,0,"Citrus, Florida, US"
12017,Citrus,Florida,US,2020-03-30 22:52:45,28.84804315,-82.47614748,17,1,0,0,"Citrus, Florida, US"
12017,Citrus,Florida,US,2020-03-31 23:43:56,28.84804315,-82.47614748,19,2,0,0,"Citrus, Florida, US"
12017,Citrus,Florida,US,2020-04-04 23:34:21,28.84804315,-82.47614748,34,2,0,0,"Citrus, Florida, US"
12017,Citrus,Florida,US,2020-03-25 23:33:19,28.84804315,-82.47614748,9,0,0,0,"Citrus, Florida, US"
12017,Citrus,Florida,US,2020-04-01 21:58:49,28.84804315,-82.47614748,19,2,0,0,"Citrus, Florida, US"
12017,Citrus,Florida,US,2020-03-27 22:14:55,28.84804315,-82.47614748,11,1,0,0,"Citrus, Florida, US"
12017,Citrus,Florida,US,2020-03-28 23:05:37,28.84804315,-82.47614748,14,1,0,0,"Citrus, Florida, US"
12017,Citrus,Florida,US,2020-03-23 23:19:34,28.84804315,-82.47614748,9,0,0,0,"Citrus, Florida, US"
12017,Citrus,Florida,US,2020-04-05 23:06:45,28.84804315,-82.47614748,43,2,0,0,"Citrus, Florida, US"
12017,Citrus,Florida,US,2020-03-26 23:48:35,28.84804315,-82.47614748,11,1,0,0,"Citrus, Florida, US"
12017,Citrus,Florida,US,2020-04-03 22:46:37,28.84804315,-82.47614748,28,2,0,0,"Citrus, Florida, US"
12017,Citrus,Florida,US,2020-04-02 23:25:27,28.84804315,-82.47614748,27,2,0,0,"Citrus, Florida, US"
12019,Clay,Florida,US,2020-03-26 23:48:35,29.98319144,-81.85609986,19,4,0,0,"Clay, Florida, US"
12019,Clay,Florida,US,2020-03-30 22:52:45,29.98319144,-81.85609986,35,4,0,0,"Clay, Florida, US"
12019,Clay,Florida,US,2020-04-03 22:46:37,29.98319144,-81.85609986,69,6,0,0,"Clay, Florida, US"
12019,Clay,Florida,US,2020-03-24 23:37:31,29.98319144,-81.85609986,10,2,0,0,"Clay, Florida, US"
12019,Clay,Florida,US,2020-04-02 23:25:27,29.98319144,-81.85609986,58,6,0,0,"Clay, Florida, US"
12019,Clay,Florida,US,2020-04-01 21:58:49,29.98319144,-81.85609986,46,5,0,0,"Clay, Florida, US"
12019,Clay,Florida,US,2020-04-04 23:34:21,29.98319144,-81.85609986,74,6,0,0,"Clay, Florida, US"
12019,Clay,Florida,US,2020-03-29 23:08:25,29.98319144,-81.85609986,30,4,0,0,"Clay, Florida, US"
12019,Clay,Florida,US,2020-03-23 23:19:34,29.98319144,-81.85609986,8,2,0,0,"Clay, Florida, US"
12019,Clay,Florida,US,2020-04-05 23:06:45,29.98319144,-81.85609986,79,6,0,0,"Clay, Florida, US"
12019,Clay,Florida,US,2020-03-28 23:05:37,29.98319144,-81.85609986,24,4,0,0,"Clay, Florida, US"
12019,Clay,Florida,US,2020-03-27 22:14:55,29.98319144,-81.85609986,22,4,0,0,"Clay, Florida, US"
12019,Clay,Florida,US,2020-03-25 23:33:19,29.98319144,-81.85609986,13,2,0,0,"Clay, Florida, US"
12019,Clay,Florida,US,3/22/20 23:45,29.98319144,-81.85609986,7,1,0,0,"Clay, Florida, US"
12019,Clay,Florida,US,2020-03-31 23:43:56,29.98319144,-81.85609986,41,5,0,0,"Clay, Florida, US"
12021,Collier,Florida,US,2020-03-27 22:14:55,26.11091986,-81.34687065,81,0,0,0,"Collier, Florida, US"
12021,Collier,Florida,US,2020-04-02 23:25:27,26.11091986,-81.34687065,178,2,0,0,"Collier, Florida, US"
12021,Collier,Florida,US,2020-04-01 21:58:49,26.11091986,-81.34687065,150,1,0,0,"Collier, Florida, US"
12021,Collier,Florida,US,2020-03-30 22:52:45,26.11091986,-81.34687065,119,1,0,0,"Collier, Florida, US"
12021,Collier,Florida,US,2020-04-03 22:46:37,26.11091986,-81.34687065,203,2,0,0,"Collier, Florida, US"
12021,Collier,Florida,US,2020-03-26 23:48:35,26.11091986,-81.34687065,65,0,0,0,"Collier, Florida, US"
12021,Collier,Florida,US,2020-03-28 23:05:37,26.11091986,-81.34687065,92,0,0,0,"Collier, Florida, US"
12021,Collier,Florida,US,2020-03-25 23:33:19,26.11091986,-81.34687065,47,0,0,0,"Collier, Florida, US"
12021,Collier,Florida,US,2020-03-31 23:43:56,26.11091986,-81.34687065,146,1,0,0,"Collier, Florida, US"
12021,Collier,Florida,US,2020-04-04 23:34:21,26.11091986,-81.34687065,221,2,0,0,"Collier, Florida, US"
12021,Collier,Florida,US,2020-03-29 23:08:25,26.11091986,-81.34687065,95,0,0,0,"Collier, Florida, US"
12021,Collier,Florida,US,3/22/20 23:45,26.11091986,-81.34687065,33,0,0,0,"Collier, Florida, US"
12021,Collier,Florida,US,2020-03-23 23:19:34,26.11091986,-81.34687065,39,0,0,0,"Collier, Florida, US"
12021,Collier,Florida,US,2020-03-24 23:37:31,26.11091986,-81.34687065,41,0,0,0,"Collier, Florida, US"
12021,Collier,Florida,US,2020-04-05 23:06:45,26.11091986,-81.34687065,231,2,0,0,"Collier, Florida, US"
12023,Columbia,Florida,US,2020-03-30 22:52:45,30.22509788,-82.62160164,3,0,0,0,"Columbia, Florida, US"
12023,Columbia,Florida,US,2020-03-23 23:19:34,30.22509788,-82.62160164,2,0,0,0,"Columbia, Florida, US"
12023,Columbia,Florida,US,2020-04-02 23:25:27,30.22509788,-82.62160164,4,0,0,0,"Columbia, Florida, US"
12023,Columbia,Florida,US,2020-03-24 23:37:31,30.22509788,-82.62160164,3,0,0,0,"Columbia, Florida, US"
12023,Columbia,Florida,US,2020-03-25 23:33:19,30.22509788,-82.62160164,3,0,0,0,"Columbia, Florida, US"
12023,Columbia,Florida,US,2020-03-26 23:48:35,30.22509788,-82.62160164,3,0,0,0,"Columbia, Florida, US"
12023,Columbia,Florida,US,2020-04-03 22:46:37,30.22509788,-82.62160164,4,0,0,0,"Columbia, Florida, US"
12023,Columbia,Florida,US,2020-04-01 21:58:49,30.22509788,-82.62160164,3,0,0,0,"Columbia, Florida, US"
12023,Columbia,Florida,US,2020-04-05 23:06:45,30.22509788,-82.62160164,13,0,0,0,"Columbia, Florida, US"
12023,Columbia,Florida,US,2020-04-04 23:34:21,30.22509788,-82.62160164,10,0,0,0,"Columbia, Florida, US"
12023,Columbia,Florida,US,3/22/20 23:45,30.22509788,-82.62160164,2,0,0,0,"Columbia, Florida, US"
12023,Columbia,Florida,US,2020-03-27 22:14:55,30.22509788,-82.62160164,3,0,0,0,"Columbia, Florida, US"
12023,Columbia,Florida,US,2020-03-31 23:43:56,30.22509788,-82.62160164,3,0,0,0,"Columbia, Florida, US"
12023,Columbia,Florida,US,2020-03-29 23:08:25,30.22509788,-82.62160164,3,0,0,0,"Columbia, Florida, US"
12023,Columbia,Florida,US,2020-03-28 23:05:37,30.22509788,-82.62160164,3,0,0,0,"Columbia, Florida, US"
12027,DeSoto,Florida,US,2020-03-23 23:19:34,27.18677893,-81.80941373,1,0,0,0,"DeSoto,Florida,US"
12027,DeSoto,Florida,US,2020-03-24 23:37:31,27.18677893,-81.80941373,1,0,0,0,"DeSoto,Florida,US"
,DeSoto,Florida,US,2020-03-31 23:43:56,27.18677893,-81.80941373,7,1,0,0,"DeSoto,Florida,US"
12027,DeSoto,Florida,US,2020-03-27 22:14:55,27.18677893,-81.80941373,6,0,0,0,"DeSoto,Florida,US"
12027,DeSoto,Florida,US,3/22/20 23:45,27.18677893,-81.80941373,0,0,0,0,"DeSoto, Florida, US"
12027,DeSoto,Florida,US,2020-03-26 23:48:35,27.18677893,-81.80941373,5,0,0,0,"DeSoto,Florida,US"
12027,DeSoto,Florida,US,2020-03-30 22:52:45,27.18677893,-81.80941373,7,0,0,0,"DeSoto,Florida,US"
12027,DeSoto,Florida,US,2020-03-28 23:05:37,27.18677893,-81.80941373,7,0,0,0,"DeSoto,Florida,US"
,DeSoto,Florida,US,2020-04-01 21:58:49,27.18677893,-81.80941373,7,1,0,0,"DeSoto,Florida,US"
,DeSoto,Florida,US,2020-04-05 23:06:45,27.18677893,-81.80941373,12,2,0,0,"DeSoto,Florida,US"
,DeSoto,Florida,US,2020-04-04 23:34:21,27.18677893,-81.80941373,11,1,0,0,"DeSoto,Florida,US"
,DeSoto,Florida,US,2020-04-03 22:46:37,27.18677893,-81.80941373,9,1,0,0,"DeSoto,Florida,US"
12027,DeSoto,Florida,US,2020-03-29 23:08:25,27.18677893,-81.80941373,7,0,0,0,"DeSoto,Florida,US"
12027,DeSoto,Florida,US,2020-03-25 23:33:19,27.18677893,-81.80941373,1,0,0,0,"DeSoto,Florida,US"
,DeSoto,Florida,US,2020-04-02 23:25:27,27.18677893,-81.80941373,8,1,0,0,"DeSoto,Florida,US"
,Desoto,Florida,US,3/22/20 23:45,,,1,0,0,0,"Desoto, Florida, US"
12029,Dixie,Florida,US,2020-03-26 23:48:35,29.60631086,-83.15724673,0,0,0,0,"Dixie, Florida, US"
12029,Dixie,Florida,US,2020-03-23 23:19:34,29.60631086,-83.15724673,0,0,0,0,"Dixie, Florida, US"
12029,Dixie,Florida,US,2020-03-25 23:33:19,29.60631086,-83.15724673,0,0,0,0,"Dixie, Florida, US"
12029,Dixie,Florida,US,2020-03-29 23:08:25,29.60631086,-83.15724673,0,0,0,0,"Dixie, Florida, US"
12029,Dixie,Florida,US,2020-03-28 23:05:37,29.60631086,-83.15724673,0,0,0,0,"Dixie, Florida, US"
12029,Dixie,Florida,US,3/22/20 23:45,29.60631086,-83.15724673,0,0,0,0,"Dixie, Florida, US"
12029,Dixie,Florida,US,2020-03-30 22:52:45,29.60631086,-83.15724673,0,0,0,0,"Dixie, Florida, US"
12029,Dixie,Florida,US,2020-03-24 23:37:31,29.60631086,-83.15724673,0,0,0,0,"Dixie, Florida, US"
12029,Dixie,Florida,US,2020-04-04 23:34:21,29.60631086,-83.15724673,1,0,0,0,"Dixie, Florida, US"
12029,Dixie,Florida,US,2020-03-27 22:14:55,29.60631086,-83.15724673,0,0,0,0,"Dixie, Florida, US"
12029,Dixie,Florida,US,2020-04-05 23:06:45,29.60631086,-83.15724673,1,0,0,0,"Dixie, Florida, US"
12031,Duval,Florida,US,2020-03-25 23:33:19,30.33225875,-81.66976468,56,3,0,0,"Duval, Florida, US"
12031,Duval,Florida,US,2020-03-30 22:52:45,30.33225875,-81.66976468,158,3,0,0,"Duval, Florida, US"
12031,Duval,Florida,US,2020-04-04 23:34:21,30.33225875,-81.66976468,387,9,0,0,"Duval, Florida, US"
12031,Duval,Florida,US,2020-04-02 23:25:27,30.33225875,-81.66976468,286,9,0,0,"Duval, Florida, US"
12031,Duval,Florida,US,2020-04-03 22:46:37,30.33225875,-81.66976468,323,9,0,0,"Duval, Florida, US"
12031,Duval,Florida,US,2020-03-29 23:08:25,30.33225875,-81.66976468,125,3,0,0,"Duval, Florida, US"
12031,Duval,Florida,US,3/22/20 23:45,30.33225875,-81.66976468,39,1,0,0,"Duval, Florida, US"
12031,Duval,Florida,US,2020-03-27 22:14:55,30.33225875,-81.66976468,90,3,0,0,"Duval, Florida, US"
12031,Duval,Florida,US,2020-03-28 23:05:37,30.33225875,-81.66976468,115,3,0,0,"Duval, Florida, US"
12031,Duval,Florida,US,2020-04-01 21:58:49,30.33225875,-81.66976468,218,4,0,0,"Duval, Florida, US"
12031,Duval,Florida,US,2020-03-26 23:48:35,30.33225875,-81.66976468,74,3,0,0,"Duval, Florida, US"
12031,Duval,Florida,US,2020-03-23 23:19:34,30.33225875,-81.66976468,50,1,0,0,"Duval, Florida, US"
12031,Duval,Florida,US,2020-03-24 23:37:31,30.33225875,-81.66976468,50,1,0,0,"Duval, Florida, US"
12031,Duval,Florida,US,2020-04-05 23:06:45,30.33225875,-81.66976468,413,9,0,0,"Duval, Florida, US"
12031,Duval,Florida,US,2020-03-31 23:43:56,30.33225875,-81.66976468,207,4,0,0,"Duval, Florida, US"
12033,Escambia,Florida,US,2020-03-23 23:19:34,30.67652764,-87.37284571,9,0,0,0,"Escambia, Florida, US"
12033,Escambia,Florida,US,2020-04-04 23:34:21,30.67652764,-87.37284571,118,1,0,0,"Escambia, Florida, US"
12033,Escambia,Florida,US,2020-03-29 23:08:25,30.67652764,-87.37284571,30,0,0,0,"Escambia, Florida, US"
12033,Escambia,Florida,US,2020-03-24 23:37:31,30.67652764,-87.37284571,10,0,0,0,"Escambia, Florida, US"
12033,Escambia,Florida,US,2020-04-03 22:46:37,30.67652764,-87.37284571,113,0,0,0,"Escambia, Florida, US"
12033,Escambia,Florida,US,2020-03-27 22:14:55,30.67652764,-87.37284571,22,0,0,0,"Escambia, Florida, US"
12033,Escambia,Florida,US,3/22/20 23:45,30.67652764,-87.37284571,4,0,0,0,"Escambia, Florida, US"
12033,Escambia,Florida,US,2020-03-28 23:05:37,30.67652764,-87.37284571,28,0,0,0,"Escambia, Florida, US"
12033,Escambia,Florida,US,2020-04-05 23:06:45,30.67652764,-87.37284571,125,1,0,0,"Escambia, Florida, US"
12033,Escambia,Florida,US,2020-04-02 23:25:27,30.67652764,-87.37284571,101,0,0,0,"Escambia, Florida, US"
12033,Escambia,Florida,US,2020-03-30 22:52:45,30.67652764,-87.37284571,42,0,0,0,"Escambia, Florida, US"
12033,Escambia,Florida,US,2020-03-26 23:48:35,30.67652764,-87.37284571,19,0,0,0,"Escambia, Florida, US"
12033,Escambia,Florida,US,2020-03-31 23:43:56,30.67652764,-87.37284571,94,0,0,0,"Escambia, Florida, US"
12033,Escambia,Florida,US,2020-04-01 21:58:49,30.67652764,-87.37284571,94,0,0,0,"Escambia, Florida, US"
12033,Escambia,Florida,US,2020-03-25 23:33:19,30.67652764,-87.37284571,14,0,0,0,"Escambia, Florida, US"
12035,Flagler,Florida,US,3/22/20 23:45,29.45933576,-81.31508595,1,0,0,0,"Flagler, Florida, US"
12035,Flagler,Florida,US,2020-03-26 23:48:35,29.45933576,-81.31508595,7,0,0,0,"Flagler, Florida, US"
12035,Flagler,Florida,US,2020-04-05 23:06:45,29.45933576,-81.31508595,31,1,0,0,"Flagler, Florida, US"
12035,Flagler,Florida,US,2020-04-02 23:25:27,29.45933576,-81.31508595,25,1,0,0,"Flagler, Florida, US"
12035,Flagler,Florida,US,2020-03-25 23:33:19,29.45933576,-81.31508595,5,0,0,0,"Flagler, Florida, US"
12035,Flagler,Florida,US,2020-03-29 23:08:25,29.45933576,-81.31508595,13,0,0,0,"Flagler, Florida, US"
12035,Flagler,Florida,US,2020-03-24 23:37:31,29.45933576,-81.31508595,4,0,0,0,"Flagler, Florida, US"
12035,Flagler,Florida,US,2020-03-28 23:05:37,29.45933576,-81.31508595,13,0,0,0,"Flagler, Florida, US"
12035,Flagler,Florida,US,2020-04-03 22:46:37,29.45933576,-81.31508595,28,1,0,0,"Flagler, Florida, US"
12035,Flagler,Florida,US,2020-03-31 23:43:56,29.45933576,-81.31508595,18,0,0,0,"Flagler, Florida, US"
12035,Flagler,Florida,US,2020-04-01 21:58:49,29.45933576,-81.31508595,20,0,0,0,"Flagler, Florida, US"
12035,Flagler,Florida,US,2020-04-04 23:34:21,29.45933576,-81.31508595,29,1,0,0,"Flagler, Florida, US"
12035,Flagler,Florida,US,2020-03-27 22:14:55,29.45933576,-81.31508595,11,0,0,0,"Flagler, Florida, US"
12035,Flagler,Florida,US,2020-03-23 23:19:34,29.45933576,-81.31508595,3,0,0,0,"Flagler, Florida, US"
12035,Flagler,Florida,US,2020-03-30 22:52:45,29.45933576,-81.31508595,13,0,0,0,"Flagler, Florida, US"
12037,Franklin,Florida,US,2020-03-26 23:48:35,29.83791238,-84.82731662,0,0,0,0,"Franklin, Florida, US"
12037,Franklin,Florida,US,3/22/20 23:45,29.83791238,-84.82731662,0,0,0,0,"Franklin, Florida, US"
12037,Franklin,Florida,US,2020-03-28 23:05:37,29.83791238,-84.82731662,0,0,0,0,"Franklin, Florida, US"
12037,Franklin,Florida,US,2020-04-05 23:06:45,29.83791238,-84.82731662,2,0,0,0,"Franklin, Florida, US"
12037,Franklin,Florida,US,2020-04-03 22:46:37,29.83791238,-84.82731662,1,0,0,0,"Franklin, Florida, US"
12037,Franklin,Florida,US,2020-03-29 23:08:25,29.83791238,-84.82731662,0,0,0,0,"Franklin, Florida, US"
12037,Franklin,Florida,US,2020-03-23 23:19:34,29.83791238,-84.82731662,0,0,0,0,"Franklin, Florida, US"
12037,Franklin,Florida,US,2020-03-30 22:52:45,29.83791238,-84.82731662,0,0,0,0,"Franklin, Florida, US"
12037,Franklin,Florida,US,2020-04-04 23:34:21,29.83791238,-84.82731662,1,0,0,0,"Franklin, Florida, US"
12037,Franklin,Florida,US,2020-03-24 23:37:31,29.83791238,-84.82731662,0,0,0,0,"Franklin, Florida, US"
12037,Franklin,Florida,US,2020-03-25 23:33:19,29.83791238,-84.82731662,0,0,0,0,"Franklin, Florida, US"
12037,Franklin,Florida,US,2020-03-27 22:14:55,29.83791238,-84.82731662,0,0,0,0,"Franklin, Florida, US"
12039,Gadsden,Florida,US,2020-04-02 23:25:27,30.57796289,-84.61915825,2,0,0,0,"Gadsden, Florida, US"
12039,Gadsden,Florida,US,2020-03-30 22:52:45,30.57796289,-84.61915825,1,0,0,0,"Gadsden, Florida, US"
12039,Gadsden,Florida,US,2020-03-28 23:05:37,30.57796289,-84.61915825,1,0,0,0,"Gadsden, Florida, US"
12039,Gadsden,Florida,US,2020-04-04 23:34:21,30.57796289,-84.61915825,4,0,0,0,"Gadsden, Florida, US"
12039,Gadsden,Florida,US,2020-04-01 21:58:49,30.57796289,-84.61915825,1,0,0,0,"Gadsden, Florida, US"
12039,Gadsden,Florida,US,2020-03-24 23:37:31,30.57796289,-84.61915825,1,0,0,0,"Gadsden, Florida, US"
12039,Gadsden,Florida,US,2020-03-26 23:48:35,30.57796289,-84.61915825,1,0,0,0,"Gadsden, Florida, US"
12039,Gadsden,Florida,US,2020-03-31 23:43:56,30.57796289,-84.61915825,1,0,0,0,"Gadsden, Florida, US"
12039,Gadsden,Florida,US,2020-03-25 23:33:19,30.57796289,-84.61915825,1,0,0,0,"Gadsden, Florida, US"
12039,Gadsden,Florida,US,2020-03-27 22:14:55,30.57796289,-84.61915825,1,0,0,0,"Gadsden, Florida, US"
12039,Gadsden,Florida,US,2020-04-05 23:06:45,30.57796289,-84.61915825,4,0,0,0,"Gadsden, Florida, US"
12039,Gadsden,Florida,US,2020-03-23 23:19:34,30.57796289,-84.61915825,1,0,0,0,"Gadsden, Florida, US"
12039,Gadsden,Florida,US,2020-03-29 23:08:25,30.57796289,-84.61915825,1,0,0,0,"Gadsden, Florida, US"
12039,Gadsden,Florida,US,2020-04-03 22:46:37,30.57796289,-84.61915825,3,0,0,0,"Gadsden, Florida, US"
12039,Gadsden,Florida,US,3/22/20 23:45,30.57796289,-84.61915825,1,0,0,0,"Gadsden, Florida, US"
12041,Gilchrist,Florida,US,2020-03-24 23:37:31,29.72856978,-82.79880657,0,0,0,0,"Gilchrist, Florida, US"
12041,Gilchrist,Florida,US,3/22/20 23:45,29.72856978,-82.79880657,0,0,0,0,"Gilchrist, Florida, US"
12041,Gilchrist,Florida,US,2020-03-28 23:05:37,29.72856978,-82.79880657,0,0,0,0,"Gilchrist, Florida, US"
12041,Gilchrist,Florida,US,2020-03-30 22:52:45,29.72856978,-82.79880657,0,0,0,0,"Gilchrist, Florida, US"
12041,Gilchrist,Florida,US,2020-03-23 23:19:34,29.72856978,-82.79880657,0,0,0,0,"Gilchrist, Florida, US"
12041,Gilchrist,Florida,US,2020-03-29 23:08:25,29.72856978,-82.79880657,0,0,0,0,"Gilchrist, Florida, US"
12041,Gilchrist,Florida,US,2020-03-26 23:48:35,29.72856978,-82.79880657,0,0,0,0,"Gilchrist, Florida, US"
12041,Gilchrist,Florida,US,2020-03-27 22:14:55,29.72856978,-82.79880657,0,0,0,0,"Gilchrist, Florida, US"
12041,Gilchrist,Florida,US,2020-03-25 23:33:19,29.72856978,-82.79880657,0,0,0,0,"Gilchrist, Florida, US"
12043,Glades,Florida,US,2020-04-04 23:34:21,26.95635849,-81.18996211,4,1,0,0,"Glades, Florida, US"
12043,Glades,Florida,US,2020-03-27 22:14:55,26.95635849,-81.18996211,0,0,0,0,"Glades, Florida, US"
12043,Glades,Florida,US,2020-04-01 21:58:49,26.95635849,-81.18996211,3,1,0,0,"Glades, Florida, US"
12043,Glades,Florida,US,2020-04-03 22:46:37,26.95635849,-81.18996211,3,1,0,0,"Glades, Florida, US"
12043,Glades,Florida,US,2020-03-29 23:08:25,26.95635849,-81.18996211,0,0,0,0,"Glades, Florida, US"
12043,Glades,Florida,US,2020-03-23 23:19:34,26.95635849,-81.18996211,0,0,0,0,"Glades, Florida, US"
12043,Glades,Florida,US,2020-04-05 23:06:45,26.95635849,-81.18996211,4,1,0,0,"Glades, Florida, US"
12043,Glades,Florida,US,3/22/20 23:45,26.95635849,-81.18996211,0,0,0,0,"Glades, Florida, US"
12043,Glades,Florida,US,2020-03-26 23:48:35,26.95635849,-81.18996211,0,0,0,0,"Glades, Florida, US"
12043,Glades,Florida,US,2020-03-25 23:33:19,26.95635849,-81.18996211,0,0,0,0,"Glades, Florida, US"
12043,Glades,Florida,US,2020-03-30 22:52:45,26.95635849,-81.18996211,3,0,0,0,"Glades, Florida, US"
12043,Glades,Florida,US,2020-04-02 23:25:27,26.95635849,-81.18996211,3,1,0,0,"Glades, Florida, US"
12043,Glades,Florida,US,2020-03-31 23:43:56,26.95635849,-81.18996211,3,1,0,0,"Glades, Florida, US"
12043,Glades,Florida,US,2020-03-24 23:37:31,26.95635849,-81.18996211,0,0,0,0,"Glades, Florida, US"
12043,Glades,Florida,US,2020-03-28 23:05:37,26.95635849,-81.18996211,0,0,0,0,"Glades, Florida, US"
12045,Gulf,Florida,US,2020-03-28 23:05:37,29.93543004,-85.24270990000002,0,0,0,0,"Gulf, Florida, US"
12045,Gulf,Florida,US,2020-03-30 22:52:45,29.93543004,-85.24270990000002,0,0,0,0,"Gulf, Florida, US"
12045,Gulf,Florida,US,3/22/20 23:45,29.93543004,-85.2427099,0,0,0,0,"Gulf, Florida, US"
12045,Gulf,Florida,US,2020-04-02 23:25:27,29.93543004,-85.24270990000002,1,0,0,0,"Gulf, Florida, US"
12045,Gulf,Florida,US,2020-04-04 23:34:21,29.93543004,-85.24270990000002,1,0,0,0,"Gulf, Florida, US"
12045,Gulf,Florida,US,2020-03-26 23:48:35,29.93543004,-85.24270990000002,0,0,0,0,"Gulf, Florida, US"
12045,Gulf,Florida,US,2020-03-24 23:37:31,29.93543004,-85.24270990000002,0,0,0,0,"Gulf, Florida, US"
12045,Gulf,Florida,US,2020-04-01 21:58:49,29.93543004,-85.24270990000002,1,0,0,0,"Gulf, Florida, US"
12045,Gulf,Florida,US,2020-04-03 22:46:37,29.93543004,-85.24270990000002,1,0,0,0,"Gulf, Florida, US"
12045,Gulf,Florida,US,2020-03-27 22:14:55,29.93543004,-85.24270990000002,0,0,0,0,"Gulf, Florida, US"
12045,Gulf,Florida,US,2020-04-05 23:06:45,29.93543004,-85.24270990000002,1,0,0,0,"Gulf, Florida, US"
12045,Gulf,Florida,US,2020-03-23 23:19:34,29.93543004,-85.24270990000002,0,0,0,0,"Gulf, Florida, US"
12045,Gulf,Florida,US,2020-03-25 23:33:19,29.93543004,-85.24270990000002,0,0,0,0,"Gulf, Florida, US"
12045,Gulf,Florida,US,2020-03-29 23:08:25,29.93543004,-85.24270990000002,0,0,0,0,"Gulf, Florida, US"
12047,Hamilton,Florida,US,2020-03-24 23:37:31,30.49673973,-82.94998918,0,0,0,0,"Hamilton, Florida, US"
12047,Hamilton,Florida,US,3/22/20 23:45,30.49673973,-82.94998918,0,0,0,0,"Hamilton, Florida, US"
12047,Hamilton,Florida,US,2020-03-25 23:33:19,30.49673973,-82.94998918,0,0,0,0,"Hamilton, Florida, US"
12047,Hamilton,Florida,US,2020-03-29 23:08:25,30.49673973,-82.94998918,0,0,0,0,"Hamilton, Florida, US"
12047,Hamilton,Florida,US,2020-03-30 22:52:45,30.49673973,-82.94998918,0,0,0,0,"Hamilton, Florida, US"
12047,Hamilton,Florida,US,2020-03-28 23:05:37,30.49673973,-82.94998918,0,0,0,0,"Hamilton, Florida, US"
12047,Hamilton,Florida,US,2020-03-26 23:48:35,30.49673973,-82.94998918,0,0,0,0,"Hamilton, Florida, US"
12047,Hamilton,Florida,US,2020-03-23 23:19:34,30.49673973,-82.94998918,0,0,0,0,"Hamilton, Florida, US"
12047,Hamilton,Florida,US,2020-03-27 22:14:55,30.49673973,-82.94998918,0,0,0,0,"Hamilton, Florida, US"
12049,Hardee,Florida,US,2020-03-23 23:19:34,27.49293939,-81.80956574,0,0,0,0,"Hardee, Florida, US"
12049,Hardee,Florida,US,2020-04-02 23:25:27,27.49293939,-81.80956574,1,0,0,0,"Hardee, Florida, US"
12049,Hardee,Florida,US,2020-03-27 22:14:55,27.49293939,-81.80956574,0,0,0,0,"Hardee, Florida, US"
12049,Hardee,Florida,US,2020-03-24 23:37:31,27.49293939,-81.80956574,0,0,0,0,"Hardee, Florida, US"
12049,Hardee,Florida,US,3/22/20 23:45,27.49293939,-81.80956574,0,0,0,0,"Hardee, Florida, US"
12049,Hardee,Florida,US,2020-03-29 23:08:25,27.49293939,-81.80956574,0,0,0,0,"Hardee, Florida, US"
12049,Hardee,Florida,US,2020-04-03 22:46:37,27.49293939,-81.80956574,1,0,0,0,"Hardee, Florida, US"
12049,Hardee,Florida,US,2020-03-26 23:48:35,27.49293939,-81.80956574,0,0,0,0,"Hardee, Florida, US"
12049,Hardee,Florida,US,2020-03-25 23:33:19,27.49293939,-81.80956574,0,0,0,0,"Hardee, Florida, US"
12049,Hardee,Florida,US,2020-04-04 23:34:21,27.49293939,-81.80956574,1,0,0,0,"Hardee, Florida, US"
12049,Hardee,Florida,US,2020-04-05 23:06:45,27.49293939,-81.80956574,2,0,0,0,"Hardee, Florida, US"
12049,Hardee,Florida,US,2020-03-30 22:52:45,27.49293939,-81.80956574,0,0,0,0,"Hardee, Florida, US"
12049,Hardee,Florida,US,2020-03-28 23:05:37,27.49293939,-81.80956574,0,0,0,0,"Hardee, Florida, US"
12051,Hendry,Florida,US,2020-03-27 22:14:55,26.55386945,-81.16469006,0,0,0,0,"Hendry, Florida, US"
12051,Hendry,Florida,US,2020-04-05 23:06:45,26.55386945,-81.16469006,7,0,0,0,"Hendry, Florida, US"
12051,Hendry,Florida,US,2020-03-25 23:33:19,26.55386945,-81.16469006,0,0,0,0,"Hendry, Florida, US"
12051,Hendry,Florida,US,3/22/20 23:45,26.55386945,-81.16469006,0,0,0,0,"Hendry, Florida, US"
12051,Hendry,Florida,US,2020-03-30 22:52:45,26.55386945,-81.16469006,3,0,0,0,"Hendry, Florida, US"
12051,Hendry,Florida,US,2020-03-29 23:08:25,26.55386945,-81.16469006,1,0,0,0,"Hendry, Florida, US"
12051,Hendry,Florida,US,2020-04-02 23:25:27,26.55386945,-81.16469006,4,0,0,0,"Hendry, Florida, US"
12051,Hendry,Florida,US,2020-04-04 23:34:21,26.55386945,-81.16469006,6,0,0,0,"Hendry, Florida, US"
12051,Hendry,Florida,US,2020-03-31 23:43:56,26.55386945,-81.16469006,4,0,0,0,"Hendry, Florida, US"
12051,Hendry,Florida,US,2020-03-24 23:37:31,26.55386945,-81.16469006,0,0,0,0,"Hendry, Florida, US"
12051,Hendry,Florida,US,2020-04-03 22:46:37,26.55386945,-81.16469006,5,0,0,0,"Hendry, Florida, US"
12051,Hendry,Florida,US,2020-03-28 23:05:37,26.55386945,-81.16469006,0,0,0,0,"Hendry, Florida, US"
12051,Hendry,Florida,US,2020-03-26 23:48:35,26.55386945,-81.16469006,0,0,0,0,"Hendry, Florida, US"
12051,Hendry,Florida,US,2020-03-23 23:19:34,26.55386945,-81.16469006,0,0,0,0,"Hendry, Florida, US"
12051,Hendry,Florida,US,2020-04-01 21:58:49,26.55386945,-81.16469006,4,0,0,0,"Hendry, Florida, US"
12053,Hernando,Florida,US,2020-04-03 22:46:37,28.55364461,-82.42700204,38,0,0,0,"Hernando, Florida, US"
12053,Hernando,Florida,US,2020-04-02 23:25:27,28.55364461,-82.42700204,34,0,0,0,"Hernando, Florida, US"
12053,Hernando,Florida,US,2020-03-24 23:37:31,28.55364461,-82.42700204,5,0,0,0,"Hernando, Florida, US"
12053,Hernando,Florida,US,2020-03-30 22:52:45,28.55364461,-82.42700204,21,0,0,0,"Hernando, Florida, US"
12053,Hernando,Florida,US,2020-03-28 23:05:37,28.55364461,-82.42700204,13,0,0,0,"Hernando, Florida, US"
12053,Hernando,Florida,US,2020-04-04 23:34:21,28.55364461,-82.42700204,40,0,0,0,"Hernando, Florida, US"
12053,Hernando,Florida,US,2020-04-01 21:58:49,28.55364461,-82.42700204,24,0,0,0,"Hernando, Florida, US"
12053,Hernando,Florida,US,2020-03-27 22:14:55,28.55364461,-82.42700204,10,0,0,0,"Hernando, Florida, US"
12053,Hernando,Florida,US,2020-03-26 23:48:35,28.55364461,-82.42700204,9,0,0,0,"Hernando, Florida, US"
12053,Hernando,Florida,US,2020-03-31 23:43:56,28.55364461,-82.42700204,24,0,0,0,"Hernando, Florida, US"
12053,Hernando,Florida,US,2020-03-23 23:19:34,28.55364461,-82.42700204,5,0,0,0,"Hernando, Florida, US"
12053,Hernando,Florida,US,2020-03-25 23:33:19,28.55364461,-82.42700204,8,0,0,0,"Hernando, Florida, US"
12053,Hernando,Florida,US,3/22/20 23:45,28.55364461,-82.42700204,5,0,0,0,"Hernando, Florida, US"
12053,Hernando,Florida,US,2020-04-05 23:06:45,28.55364461,-82.42700204,43,0,0,0,"Hernando, Florida, US"
12053,Hernando,Florida,US,2020-03-29 23:08:25,28.55364461,-82.42700204,14,0,0,0,"Hernando, Florida, US"
12055,Highlands,Florida,US,2020-04-01 21:58:49,27.34254618,-81.34071957,17,1,0,0,"Highlands, Florida, US"
12055,Highlands,Florida,US,2020-03-31 23:43:56,27.34254618,-81.34071957,17,1,0,0,"Highlands, Florida, US"
12055,Highlands,Florida,US,2020-03-28 23:05:37,27.34254618,-81.34071957,10,1,0,0,"Highlands, Florida, US"
12055,Highlands,Florida,US,2020-04-05 23:06:45,27.34254618,-81.34071957,35,2,0,0,"Highlands, Florida, US"
12055,Highlands,Florida,US,2020-03-30 22:52:45,27.34254618,-81.34071957,13,1,0,0,"Highlands, Florida, US"
12055,Highlands,Florida,US,2020-03-29 23:08:25,27.34254618,-81.34071957,10,1,0,0,"Highlands, Florida, US"
12055,Highlands,Florida,US,2020-04-02 23:25:27,27.34254618,-81.34071957,24,1,0,0,"Highlands, Florida, US"
12055,Highlands,Florida,US,3/22/20 23:45,27.34254618,-81.34071957,1,0,0,0,"Highlands, Florida, US"
12055,Highlands,Florida,US,2020-03-26 23:48:35,27.34254618,-81.34071957,5,0,0,0,"Highlands, Florida, US"
12055,Highlands,Florida,US,2020-04-04 23:34:21,27.34254618,-81.34071957,30,2,0,0,"Highlands, Florida, US"
12055,Highlands,Florida,US,2020-03-27 22:14:55,27.34254618,-81.34071957,5,1,0,0,"Highlands, Florida, US"
12055,Highlands,Florida,US,2020-03-23 23:19:34,27.34254618,-81.34071957,2,0,0,0,"Highlands, Florida, US"
12055,Highlands,Florida,US,2020-03-25 23:33:19,27.34254618,-81.34071957,4,0,0,0,"Highlands, Florida, US"
12055,Highlands,Florida,US,2020-03-24 23:37:31,27.34254618,-81.34071957,4,0,0,0,"Highlands, Florida, US"
12055,Highlands,Florida,US,2020-04-03 22:46:37,27.34254618,-81.34071957,26,2,0,0,"Highlands, Florida, US"
12057,Hillsborough,Florida,US,2020-04-03 22:46:37,27.9276559,-82.32013172,463,5,0,0,"Hillsborough, Florida, US"
12057,Hillsborough,Florida,US,2020-03-29 23:08:25,27.9276559,-82.32013172,218,2,0,0,"Hillsborough, Florida, US"
12057,Hillsborough,Florida,US,2020-03-28 23:05:37,27.9276559,-82.32013172,195,2,0,0,"Hillsborough, Florida, US"
12057,Hillsborough,Florida,US,2020-04-04 23:34:21,27.9276559,-82.32013172,497,5,0,0,"Hillsborough, Florida, US"
12057,Hillsborough,Florida,US,2020-03-31 23:43:56,27.9276559,-82.32013172,305,3,0,0,"Hillsborough, Florida, US"
12057,Hillsborough,Florida,US,2020-04-05 23:06:45,27.9276559,-82.32013172,536,5,0,0,"Hillsborough, Florida, US"
12057,Hillsborough,Florida,US,2020-03-23 23:19:34,27.9276559,-82.32013172,75,0,0,0,"Hillsborough, Florida, US"
12057,Hillsborough,Florida,US,2020-03-25 23:33:19,27.9276559,-82.32013172,106,0,0,0,"Hillsborough, Florida, US"
12057,Hillsborough,Florida,US,2020-03-24 23:37:31,27.9276559,-82.32013172,91,0,0,0,"Hillsborough, Florida, US"
12057,Hillsborough,Florida,US,2020-04-01 21:58:49,27.9276559,-82.32013172,309,3,0,0,"Hillsborough, Florida, US"
12057,Hillsborough,Florida,US,2020-03-26 23:48:35,27.9276559,-82.32013172,142,1,0,0,"Hillsborough, Florida, US"
12057,Hillsborough,Florida,US,2020-03-30 22:52:45,27.9276559,-82.32013172,253,2,0,0,"Hillsborough, Florida, US"
12057,Hillsborough,Florida,US,2020-04-02 23:25:27,27.9276559,-82.32013172,404,5,0,0,"Hillsborough, Florida, US"
12057,Hillsborough,Florida,US,2020-03-27 22:14:55,27.9276559,-82.32013172,167,1,0,0,"Hillsborough, Florida, US"
12057,Hillsborough,Florida,US,3/22/20 23:45,27.9276559,-82.32013172,58,0,0,0,"Hillsborough, Florida, US"
12059,Holmes,Florida,US,2020-03-28 23:05:37,30.86747479,-85.81319222,0,0,0,0,"Holmes, Florida, US"
12059,Holmes,Florida,US,2020-04-03 22:46:37,30.86747479,-85.81319222,1,0,0,0,"Holmes, Florida, US"
12059,Holmes,Florida,US,2020-04-04 23:34:21,30.86747479,-85.81319222,1,0,0,0,"Holmes, Florida, US"
12059,Holmes,Florida,US,2020-03-30 22:52:45,30.86747479,-85.81319222,0,0,0,0,"Holmes, Florida, US"
12059,Holmes,Florida,US,2020-03-25 23:33:19,30.86747479,-85.81319222,0,0,0,0,"Holmes, Florida, US"
12059,Holmes,Florida,US,2020-04-05 23:06:45,30.86747479,-85.81319222,1,0,0,0,"Holmes, Florida, US"
12059,Holmes,Florida,US,2020-04-01 21:58:49,30.86747479,-85.81319222,1,0,0,0,"Holmes, Florida, US"
12059,Holmes,Florida,US,2020-03-23 23:19:34,30.86747479,-85.81319222,0,0,0,0,"Holmes, Florida, US"
12059,Holmes,Florida,US,3/22/20 23:45,30.86747479,-85.81319222,0,0,0,0,"Holmes, Florida, US"
12059,Holmes,Florida,US,2020-03-26 23:48:35,30.86747479,-85.81319222,0,0,0,0,"Holmes, Florida, US"
12059,Holmes,Florida,US,2020-03-29 23:08:25,30.86747479,-85.81319222,0,0,0,0,"Holmes, Florida, US"
12059,Holmes,Florida,US,2020-03-24 23:37:31,30.86747479,-85.81319222,0,0,0,0,"Holmes, Florida, US"
12059,Holmes,Florida,US,2020-04-02 23:25:27,30.86747479,-85.81319222,1,0,0,0,"Holmes, Florida, US"
12059,Holmes,Florida,US,2020-03-27 22:14:55,30.86747479,-85.81319222,0,0,0,0,"Holmes, Florida, US"
12059,Holmes,Florida,US,2020-03-31 23:43:56,30.86747479,-85.81319222,1,0,0,0,"Holmes, Florida, US"
12061,Indian River,Florida,US,2020-03-26 23:48:35,27.69308961,-80.60556721,13,0,0,0,"Indian River, Florida, US"
12061,Indian River,Florida,US,2020-03-30 22:52:45,27.69308961,-80.60556721,24,0,0,0,"Indian River, Florida, US"
12061,Indian River,Florida,US,3/22/20 23:45,27.69308961,-80.60556721,8,0,0,0,"Indian River, Florida, US"
12061,Indian River,Florida,US,2020-03-29 23:08:25,27.69308961,-80.60556721,17,0,0,0,"Indian River, Florida, US"
12061,Indian River,Florida,US,2020-04-03 22:46:37,27.69308961,-80.60556721,47,0,0,0,"Indian River, Florida, US"
12061,Indian River,Florida,US,2020-04-02 23:25:27,27.69308961,-80.60556721,41,0,0,0,"Indian River, Florida, US"
12061,Indian River,Florida,US,2020-04-05 23:06:45,27.69308961,-80.60556721,55,0,0,0,"Indian River, Florida, US"
12061,Indian River,Florida,US,2020-03-24 23:37:31,27.69308961,-80.60556721,11,0,0,0,"Indian River, Florida, US"
12061,Indian River,Florida,US,2020-03-31 23:43:56,27.69308961,-80.60556721,33,0,0,0,"Indian River, Florida, US"
12061,Indian River,Florida,US,2020-04-01 21:58:49,27.69308961,-80.60556721,33,0,0,0,"Indian River, Florida, US"
12061,Indian River,Florida,US,2020-03-28 23:05:37,27.69308961,-80.60556721,16,0,0,0,"Indian River, Florida, US"
12061,Indian River,Florida,US,2020-03-23 23:19:34,27.69308961,-80.60556721,10,0,0,0,"Indian River, Florida, US"
12061,Indian River,Florida,US,2020-03-27 22:14:55,27.69308961,-80.60556721,14,0,0,0,"Indian River, Florida, US"
12061,Indian River,Florida,US,2020-04-04 23:34:21,27.69308961,-80.60556721,50,0,0,0,"Indian River, Florida, US"
12061,Indian River,Florida,US,2020-03-25 23:33:19,27.69308961,-80.60556721,12,0,0,0,"Indian River, Florida, US"
12063,Jackson,Florida,US,2020-04-05 23:06:45,30.795459700000002,-85.21500423,4,0,0,0,"Jackson, Florida, US"
12063,Jackson,Florida,US,2020-03-24 23:37:31,30.795459700000002,-85.21500423,1,0,0,0,"Jackson, Florida, US"
12063,Jackson,Florida,US,2020-03-30 22:52:45,30.795459700000002,-85.21500423,2,0,0,0,"Jackson, Florida, US"
12063,Jackson,Florida,US,2020-04-03 22:46:37,30.795459700000002,-85.21500423,4,0,0,0,"Jackson, Florida, US"
12063,Jackson,Florida,US,3/22/20 23:45,30.7954597,-85.21500423,1,0,0,0,"Jackson, Florida, US"
12063,Jackson,Florida,US,2020-03-26 23:48:35,30.795459700000002,-85.21500423,1,0,0,0,"Jackson, Florida, US"
12063,Jackson,Florida,US,2020-03-25 23:33:19,30.795459700000002,-85.21500423,1,0,0,0,"Jackson, Florida, US"
12063,Jackson,Florida,US,2020-04-01 21:58:49,30.795459700000002,-85.21500423,2,0,0,0,"Jackson, Florida, US"
12063,Jackson,Florida,US,2020-04-04 23:34:21,30.795459700000002,-85.21500423,4,0,0,0,"Jackson, Florida, US"
12063,Jackson,Florida,US,2020-03-28 23:05:37,30.795459700000002,-85.21500423,1,0,0,0,"Jackson, Florida, US"
12063,Jackson,Florida,US,2020-04-02 23:25:27,30.795459700000002,-85.21500423,4,0,0,0,"Jackson, Florida, US"
12063,Jackson,Florida,US,2020-03-23 23:19:34,30.795459700000002,-85.21500423,1,0,0,0,"Jackson, Florida, US"
12063,Jackson,Florida,US,2020-03-31 23:43:56,30.795459700000002,-85.21500423,2,0,0,0,"Jackson, Florida, US"
12063,Jackson,Florida,US,2020-03-27 22:14:55,30.795459700000002,-85.21500423,1,0,0,0,"Jackson, Florida, US"
12063,Jackson,Florida,US,2020-03-29 23:08:25,30.795459700000002,-85.21500423,1,0,0,0,"Jackson, Florida, US"
12065,Jefferson,Florida,US,2020-03-24 23:37:31,30.43669112,-83.89442308,0,0,0,0,"Jefferson, Florida, US"
12065,Jefferson,Florida,US,2020-03-28 23:05:37,30.43669112,-83.89442308,0,0,0,0,"Jefferson, Florida, US"
12065,Jefferson,Florida,US,2020-03-26 23:48:35,30.43669112,-83.89442308,0,0,0,0,"Jefferson, Florida, US"
12065,Jefferson,Florida,US,2020-03-29 23:08:25,30.43669112,-83.89442308,0,0,0,0,"Jefferson, Florida, US"
12065,Jefferson,Florida,US,3/22/20 23:45,30.43669112,-83.89442308,0,0,0,0,"Jefferson, Florida, US"
12065,Jefferson,Florida,US,2020-03-23 23:19:34,30.43669112,-83.89442308,0,0,0,0,"Jefferson, Florida, US"
12065,Jefferson,Florida,US,2020-04-05 23:06:45,30.43669112,-83.89442308,1,0,0,0,"Jefferson, Florida, US"
12065,Jefferson,Florida,US,2020-03-30 22:52:45,30.43669112,-83.89442308,0,0,0,0,"Jefferson, Florida, US"
12065,Jefferson,Florida,US,2020-03-25 23:33:19,30.43669112,-83.89442308,0,0,0,0,"Jefferson, Florida, US"
12065,Jefferson,Florida,US,2020-04-04 23:34:21,30.43669112,-83.89442308,1,0,0,0,"Jefferson, Florida, US"
12065,Jefferson,Florida,US,2020-03-27 22:14:55,30.43669112,-83.89442308,0,0,0,0,"Jefferson, Florida, US"
12067,Lafayette,Florida,US,3/22/20 23:45,29.98484137,-83.18166636,0,0,0,0,"Lafayette, Florida, US"
12067,Lafayette,Florida,US,2020-03-28 23:05:37,29.98484137,-83.18166636,0,0,0,0,"Lafayette, Florida, US"
12067,Lafayette,Florida,US,2020-03-27 22:14:55,29.98484137,-83.18166636,0,0,0,0,"Lafayette, Florida, US"
12067,Lafayette,Florida,US,2020-03-29 23:08:25,29.98484137,-83.18166636,0,0,0,0,"Lafayette, Florida, US"
12067,Lafayette,Florida,US,2020-03-30 22:52:45,29.98484137,-83.18166636,0,0,0,0,"Lafayette, Florida, US"
12067,Lafayette,Florida,US,2020-03-24 23:37:31,29.98484137,-83.18166636,0,0,0,0,"Lafayette, Florida, US"
12067,Lafayette,Florida,US,2020-03-25 23:33:19,29.98484137,-83.18166636,0,0,0,0,"Lafayette, Florida, US"
12067,Lafayette,Florida,US,2020-03-26 23:48:35,29.98484137,-83.18166636,0,0,0,0,"Lafayette, Florida, US"
12067,Lafayette,Florida,US,2020-03-23 23:19:34,29.98484137,-83.18166636,0,0,0,0,"Lafayette, Florida, US"
12069,Lake,Florida,US,2020-03-29 23:08:25,28.76202069,-81.7125123,38,0,0,0,"Lake, Florida, US"
12069,Lake,Florida,US,2020-04-03 22:46:37,28.76202069,-81.7125123,88,2,0,0,"Lake, Florida, US"
12069,Lake,Florida,US,2020-03-24 23:37:31,28.76202069,-81.7125123,14,0,0,0,"Lake, Florida, US"
12069,Lake,Florida,US,2020-03-31 23:43:56,28.76202069,-81.7125123,66,0,0,0,"Lake, Florida, US"
12069,Lake,Florida,US,2020-03-25 23:33:19,28.76202069,-81.7125123,18,0,0,0,"Lake, Florida, US"
12069,Lake,Florida,US,2020-04-04 23:34:21,28.76202069,-81.7125123,95,2,0,0,"Lake, Florida, US"
12069,Lake,Florida,US,3/22/20 23:45,28.76202069,-81.7125123,6,0,0,0,"Lake, Florida, US"
12069,Lake,Florida,US,2020-04-05 23:06:45,28.76202069,-81.7125123,101,2,0,0,"Lake, Florida, US"
12069,Lake,Florida,US,2020-03-27 22:14:55,28.76202069,-81.7125123,29,0,0,0,"Lake, Florida, US"
12069,Lake,Florida,US,2020-04-01 21:58:49,28.76202069,-81.7125123,67,0,0,0,"Lake, Florida, US"
12069,Lake,Florida,US,2020-03-26 23:48:35,28.76202069,-81.7125123,25,0,0,0,"Lake, Florida, US"
12069,Lake,Florida,US,2020-03-30 22:52:45,28.76202069,-81.7125123,47,0,0,0,"Lake, Florida, US"
12069,Lake,Florida,US,2020-03-28 23:05:37,28.76202069,-81.7125123,35,0,0,0,"Lake, Florida, US"
12069,Lake,Florida,US,2020-03-23 23:19:34,28.76202069,-81.7125123,9,0,0,0,"Lake, Florida, US"
12069,Lake,Florida,US,2020-04-02 23:25:27,28.76202069,-81.7125123,82,2,0,0,"Lake, Florida, US"
12071,Lee,Florida,US,2020-03-29 23:08:25,26.58410348,-81.88399313,124,6,0,0,"Lee, Florida, US"
12071,Lee,Florida,US,2020-03-26 23:48:35,26.58410348,-81.88399313,56,3,0,0,"Lee, Florida, US"
12071,Lee,Florida,US,2020-03-28 23:05:37,26.58410348,-81.88399313,101,5,0,0,"Lee, Florida, US"
12071,Lee,Florida,US,2020-04-04 23:34:21,26.58410348,-81.88399313,348,11,0,0,"Lee, Florida, US"
12071,Lee,Florida,US,2020-03-25 23:33:19,26.58410348,-81.88399313,42,3,0,0,"Lee, Florida, US"
12071,Lee,Florida,US,2020-04-05 23:06:45,26.58410348,-81.88399313,379,11,0,0,"Lee, Florida, US"
12071,Lee,Florida,US,2020-04-02 23:25:27,26.58410348,-81.88399313,275,10,0,0,"Lee, Florida, US"
12071,Lee,Florida,US,2020-03-31 23:43:56,26.58410348,-81.88399313,206,8,0,0,"Lee, Florida, US"
12071,Lee,Florida,US,3/22/20 23:45,26.58410348,-81.88399313,26,2,0,0,"Lee, Florida, US"
12071,Lee,Florida,US,2020-04-01 21:58:49,26.58410348,-81.88399313,212,8,0,0,"Lee, Florida, US"
12071,Lee,Florida,US,2020-03-24 23:37:31,26.58410348,-81.88399313,32,2,0,0,"Lee, Florida, US"
12071,Lee,Florida,US,2020-03-23 23:19:34,26.58410348,-81.88399313,30,2,0,0,"Lee, Florida, US"
12071,Lee,Florida,US,2020-04-03 22:46:37,26.58410348,-81.88399313,304,11,0,0,"Lee, Florida, US"
12071,Lee,Florida,US,2020-03-30 22:52:45,26.58410348,-81.88399313,164,6,0,0,"Lee, Florida, US"
12071,Lee,Florida,US,2020-03-27 22:14:55,26.58410348,-81.88399313,76,4,0,0,"Lee, Florida, US"
12073,Leon,Florida,US,2020-03-24 23:37:31,30.45955727,-84.27491114,8,1,0,0,"Leon, Florida, US"
12073,Leon,Florida,US,2020-03-29 23:08:25,30.45955727,-84.27491114,18,0,0,0,"Leon, Florida, US"
12073,Leon,Florida,US,2020-04-04 23:34:21,30.45955727,-84.27491114,42,0,0,0,"Leon, Florida, US"
12073,Leon,Florida,US,2020-03-31 23:43:56,30.45955727,-84.27491114,26,0,0,0,"Leon, Florida, US"
12073,Leon,Florida,US,2020-03-26 23:48:35,30.45955727,-84.27491114,9,1,0,0,"Leon, Florida, US"
12073,Leon,Florida,US,2020-04-01 21:58:49,30.45955727,-84.27491114,28,0,0,0,"Leon, Florida, US"
12073,Leon,Florida,US,2020-04-02 23:25:27,30.45955727,-84.27491114,35,0,0,0,"Leon, Florida, US"
12073,Leon,Florida,US,2020-04-03 22:46:37,30.45955727,-84.27491114,39,0,0,0,"Leon, Florida, US"
12073,Leon,Florida,US,2020-04-05 23:06:45,30.45955727,-84.27491114,42,0,0,0,"Leon, Florida, US"
12073,Leon,Florida,US,2020-03-25 23:33:19,30.45955727,-84.27491114,8,1,0,0,"Leon, Florida, US"
12073,Leon,Florida,US,2020-03-30 22:52:45,30.45955727,-84.27491114,21,0,0,0,"Leon, Florida, US"
12073,Leon,Florida,US,2020-03-23 23:19:34,30.45955727,-84.27491114,6,1,0,0,"Leon, Florida, US"
12073,Leon,Florida,US,2020-03-27 22:14:55,30.45955727,-84.27491114,14,0,0,0,"Leon, Florida, US"
12073,Leon,Florida,US,3/22/20 23:45,30.45955727,-84.27491114,5,1,0,0,"Leon, Florida, US"
12073,Leon,Florida,US,2020-03-28 23:05:37,30.45955727,-84.27491114,16,0,0,0,"Leon, Florida, US"
12075,Levy,Florida,US,3/22/20 23:45,29.31829741,-82.74007147,0,0,0,0,"Levy, Florida, US"
12075,Levy,Florida,US,2020-03-23 23:19:34,29.31829741,-82.74007147,0,0,0,0,"Levy, Florida, US"
12075,Levy,Florida,US,2020-03-31 23:43:56,29.31829741,-82.74007147,2,0,0,0,"Levy, Florida, US"
12075,Levy,Florida,US,2020-03-29 23:08:25,29.31829741,-82.74007147,2,0,0,0,"Levy, Florida, US"
12075,Levy,Florida,US,2020-04-04 23:34:21,29.31829741,-82.74007147,2,0,0,0,"Levy, Florida, US"
12075,Levy,Florida,US,2020-03-26 23:48:35,29.31829741,-82.74007147,0,0,0,0,"Levy, Florida, US"
12075,Levy,Florida,US,2020-03-28 23:05:37,29.31829741,-82.74007147,1,0,0,0,"Levy, Florida, US"
12075,Levy,Florida,US,2020-03-25 23:33:19,29.31829741,-82.74007147,0,0,0,0,"Levy, Florida, US"
12075,Levy,Florida,US,2020-03-24 23:37:31,29.31829741,-82.74007147,0,0,0,0,"Levy, Florida, US"
12075,Levy,Florida,US,2020-03-30 22:52:45,29.31829741,-82.74007147,2,0,0,0,"Levy, Florida, US"
12075,Levy,Florida,US,2020-03-27 22:14:55,29.31829741,-82.74007147,0,0,0,0,"Levy, Florida, US"
12075,Levy,Florida,US,2020-04-03 22:46:37,29.31829741,-82.74007147,2,0,0,0,"Levy, Florida, US"
12075,Levy,Florida,US,2020-04-01 21:58:49,29.31829741,-82.74007147,2,0,0,0,"Levy, Florida, US"
12075,Levy,Florida,US,2020-04-02 23:25:27,29.31829741,-82.74007147,2,0,0,0,"Levy, Florida, US"
12075,Levy,Florida,US,2020-04-05 23:06:45,29.31829741,-82.74007147,4,0,0,0,"Levy, Florida, US"
12077,Liberty,Florida,US,2020-03-23 23:19:34,30.23766008,-84.8829258,0,0,0,0,"Liberty, Florida, US"
12077,Liberty,Florida,US,2020-03-27 22:14:55,30.23766008,-84.8829258,0,0,0,0,"Liberty, Florida, US"
12077,Liberty,Florida,US,2020-03-30 22:52:45,30.23766008,-84.8829258,0,0,0,0,"Liberty, Florida, US"
12077,Liberty,Florida,US,2020-03-24 23:37:31,30.23766008,-84.8829258,0,0,0,0,"Liberty, Florida, US"
12077,Liberty,Florida,US,2020-03-25 23:33:19,30.23766008,-84.8829258,0,0,0,0,"Liberty, Florida, US"
12077,Liberty,Florida,US,2020-03-29 23:08:25,30.23766008,-84.8829258,0,0,0,0,"Liberty, Florida, US"
12077,Liberty,Florida,US,2020-03-28 23:05:37,30.23766008,-84.8829258,0,0,0,0,"Liberty, Florida, US"
12077,Liberty,Florida,US,3/22/20 23:45,30.23766008,-84.8829258,0,0,0,0,"Liberty, Florida, US"
12077,Liberty,Florida,US,2020-03-26 23:48:35,30.23766008,-84.8829258,0,0,0,0,"Liberty, Florida, US"
12079,Madison,Florida,US,2020-04-03 22:46:37,30.44396917,-83.47398594,4,0,0,0,"Madison, Florida, US"
12079,Madison,Florida,US,2020-03-27 22:14:55,30.44396917,-83.47398594,0,0,0,0,"Madison, Florida, US"
12079,Madison,Florida,US,2020-03-24 23:37:31,30.44396917,-83.47398594,0,0,0,0,"Madison, Florida, US"
12079,Madison,Florida,US,2020-03-25 23:33:19,30.44396917,-83.47398594,0,0,0,0,"Madison, Florida, US"
12079,Madison,Florida,US,2020-03-28 23:05:37,30.44396917,-83.47398594,0,0,0,0,"Madison, Florida, US"
12079,Madison,Florida,US,2020-03-23 23:19:34,30.44396917,-83.47398594,0,0,0,0,"Madison, Florida, US"
12079,Madison,Florida,US,2020-04-02 23:25:27,30.44396917,-83.47398594,2,0,0,0,"Madison, Florida, US"
12079,Madison,Florida,US,2020-03-29 23:08:25,30.44396917,-83.47398594,0,0,0,0,"Madison, Florida, US"
12079,Madison,Florida,US,2020-04-05 23:06:45,30.44396917,-83.47398594,10,0,0,0,"Madison, Florida, US"
12079,Madison,Florida,US,3/22/20 23:45,30.44396917,-83.47398594,0,0,0,0,"Madison, Florida, US"
12079,Madison,Florida,US,2020-03-26 23:48:35,30.44396917,-83.47398594,0,0,0,0,"Madison, Florida, US"
12079,Madison,Florida,US,2020-03-30 22:52:45,30.44396917,-83.47398594,0,0,0,0,"Madison, Florida, US"
12079,Madison,Florida,US,2020-04-04 23:34:21,30.44396917,-83.47398594,6,0,0,0,"Madison, Florida, US"
12081,Manatee,Florida,US,2020-04-05 23:06:45,27.47196942,-82.31831044,136,3,0,0,"Manatee, Florida, US"
12081,Manatee,Florida,US,2020-03-24 23:37:31,27.47196942,-82.31831044,16,1,0,0,"Manatee, Florida, US"
12081,Manatee,Florida,US,2020-03-30 22:52:45,27.47196942,-82.31831044,39,1,0,0,"Manatee, Florida, US"
12081,Manatee,Florida,US,2020-03-27 22:14:55,27.47196942,-82.31831044,28,1,0,0,"Manatee, Florida, US"
12081,Manatee,Florida,US,2020-03-31 23:43:56,27.47196942,-82.31831044,53,2,0,0,"Manatee, Florida, US"
12081,Manatee,Florida,US,2020-04-02 23:25:27,27.47196942,-82.31831044,89,3,0,0,"Manatee, Florida, US"
12081,Manatee,Florida,US,2020-03-26 23:48:35,27.47196942,-82.31831044,26,1,0,0,"Manatee, Florida, US"
12081,Manatee,Florida,US,2020-03-28 23:05:37,27.47196942,-82.31831044,30,1,0,0,"Manatee, Florida, US"
12081,Manatee,Florida,US,2020-04-01 21:58:49,27.47196942,-82.31831044,58,2,0,0,"Manatee, Florida, US"
12081,Manatee,Florida,US,3/22/20 23:45,27.47196942,-82.31831044,13,1,0,0,"Manatee, Florida, US"
12081,Manatee,Florida,US,2020-04-03 22:46:37,27.47196942,-82.31831044,104,3,0,0,"Manatee, Florida, US"
12081,Manatee,Florida,US,2020-04-04 23:34:21,27.47196942,-82.31831044,129,3,0,0,"Manatee, Florida, US"
12081,Manatee,Florida,US,2020-03-25 23:33:19,27.47196942,-82.31831044,22,1,0,0,"Manatee, Florida, US"
12081,Manatee,Florida,US,2020-03-23 23:19:34,27.47196942,-82.31831044,15,1,0,0,"Manatee, Florida, US"
12081,Manatee,Florida,US,2020-03-29 23:08:25,27.47196942,-82.31831044,33,1,0,0,"Manatee, Florida, US"
12083,Marion,Florida,US,2020-03-24 23:37:31,29.21227113,-82.05803627,4,0,0,0,"Marion, Florida, US"
12083,Marion,Florida,US,2020-03-27 22:14:55,29.21227113,-82.05803627,8,0,0,0,"Marion, Florida, US"
12083,Marion,Florida,US,2020-03-31 23:43:56,29.21227113,-82.05803627,25,0,0,0,"Marion, Florida, US"
12083,Marion,Florida,US,2020-04-05 23:06:45,29.21227113,-82.05803627,50,2,0,0,"Marion, Florida, US"
12083,Marion,Florida,US,2020-04-02 23:25:27,29.21227113,-82.05803627,33,0,0,0,"Marion, Florida, US"
12083,Marion,Florida,US,2020-03-30 22:52:45,29.21227113,-82.05803627,23,0,0,0,"Marion, Florida, US"
12083,Marion,Florida,US,2020-03-26 23:48:35,29.21227113,-82.05803627,5,0,0,0,"Marion, Florida, US"
12083,Marion,Florida,US,2020-04-01 21:58:49,29.21227113,-82.05803627,28,0,0,0,"Marion, Florida, US"
12083,Marion,Florida,US,3/22/20 23:45,29.21227113,-82.05803627,3,0,0,0,"Marion, Florida, US"
12083,Marion,Florida,US,2020-03-23 23:19:34,29.21227113,-82.05803627,4,0,0,0,"Marion, Florida, US"
12083,Marion,Florida,US,2020-03-28 23:05:37,29.21227113,-82.05803627,17,0,0,0,"Marion, Florida, US"
12083,Marion,Florida,US,2020-04-04 23:34:21,29.21227113,-82.05803627,42,0,0,0,"Marion, Florida, US"
12083,Marion,Florida,US,2020-03-29 23:08:25,29.21227113,-82.05803627,20,0,0,0,"Marion, Florida, US"
12083,Marion,Florida,US,2020-03-25 23:33:19,29.21227113,-82.05803627,5,0,0,0,"Marion, Florida, US"
12083,Marion,Florida,US,2020-04-03 22:46:37,29.21227113,-82.05803627,38,0,0,0,"Marion, Florida, US"
12085,Martin,Florida,US,2020-03-26 23:48:35,27.0772071,-80.43109784,8,0,0,0,"Martin, Florida, US"
12085,Martin,Florida,US,2020-03-24 23:37:31,27.0772071,-80.43109784,4,0,0,0,"Martin, Florida, US"
12085,Martin,Florida,US,2020-04-03 22:46:37,27.0772071,-80.43109784,42,0,0,0,"Martin, Florida, US"
12085,Martin,Florida,US,2020-04-02 23:25:27,27.0772071,-80.43109784,34,0,0,0,"Martin, Florida, US"
12085,Martin,Florida,US,2020-03-27 22:14:55,27.0772071,-80.43109784,16,0,0,0,"Martin, Florida, US"
12085,Martin,Florida,US,2020-03-23 23:19:34,27.0772071,-80.43109784,4,0,0,0,"Martin, Florida, US"
12085,Martin,Florida,US,2020-03-30 22:52:45,27.0772071,-80.43109784,27,0,0,0,"Martin, Florida, US"
12085,Martin,Florida,US,3/22/20 23:45,27.0772071,-80.43109784,2,0,0,0,"Martin, Florida, US"
12085,Martin,Florida,US,2020-03-31 23:43:56,27.0772071,-80.43109784,28,0,0,0,"Martin, Florida, US"
12085,Martin,Florida,US,2020-03-28 23:05:37,27.0772071,-80.43109784,25,0,0,0,"Martin, Florida, US"
12085,Martin,Florida,US,2020-04-01 21:58:49,27.0772071,-80.43109784,29,0,0,0,"Martin, Florida, US"
12085,Martin,Florida,US,2020-04-04 23:34:21,27.0772071,-80.43109784,53,0,0,0,"Martin, Florida, US"
12085,Martin,Florida,US,2020-03-29 23:08:25,27.0772071,-80.43109784,26,0,0,0,"Martin, Florida, US"
12085,Martin,Florida,US,2020-03-25 23:33:19,27.0772071,-80.43109784,4,0,0,0,"Martin, Florida, US"
12085,Martin,Florida,US,2020-04-05 23:06:45,27.0772071,-80.43109784,60,0,0,0,"Martin, Florida, US"
12086,Miami-Dade,Florida,US,2020-04-05 23:06:45,25.6112362,-80.55170587,4146,31,0,0,"Miami-Dade, Florida, US"
12086,Miami-Dade,Florida,US,2020-04-04 23:34:21,25.6112362,-80.55170587,3890,31,0,0,"Miami-Dade, Florida, US"
12086,Miami-Dade,Florida,US,2020-04-01 21:58:49,25.6112362,-80.55170587,2202,7,0,0,"Miami-Dade, Florida, US"
12086,Miami-Dade,Florida,US,2020-03-31 23:43:56,25.6112362,-80.55170587,2123,7,0,0,"Miami-Dade, Florida, US"
12086,Miami-Dade,Florida,US,2020-04-02 23:25:27,25.6112362,-80.55170587,2886,20,0,0,"Miami-Dade, Florida, US"
12086,Miami-Dade,Florida,US,2020-04-03 22:46:37,25.6112362,-80.55170587,3364,25,0,0,"Miami-Dade, Florida, US"
12086,Miami-Dade,Florida,US,3/22/20 23:45,25.6112362,-80.55170587,227,0,0,0,"Miami-Dade, Florida, US"
12086,Miami-Dade,Florida,US,2020-03-25 23:33:19,25.6112362,-80.55170587,400,0,0,0,"Miami-Dade, Florida, US"
12086,Miami-Dade,Florida,US,2020-03-30 22:52:45,25.6112362,-80.55170587,1632,3,0,0,"Miami-Dade, Florida, US"
12086,Miami-Dade,Florida,US,2020-03-27 22:14:55,25.6112362,-80.55170587,763,1,0,0,"Miami-Dade, Florida, US"
12086,Miami-Dade,Florida,US,2020-03-29 23:08:25,25.6112362,-80.55170587,1192,3,0,0,"Miami-Dade, Florida, US"
12086,Miami-Dade,Florida,US,2020-03-28 23:05:37,25.6112362,-80.55170587,1003,2,0,0,"Miami-Dade, Florida, US"
12086,Miami-Dade,Florida,US,2020-03-26 23:48:35,25.6112362,-80.55170587,616,0,0,0,"Miami-Dade, Florida, US"
12086,Miami-Dade,Florida,US,2020-03-23 23:19:34,25.6112362,-80.55170587,278,0,0,0,"Miami-Dade, Florida, US"
12086,Miami-Dade,Florida,US,2020-03-24 23:37:31,25.6112362,-80.55170587,338,0,0,0,"Miami-Dade, Florida, US"
12087,Monroe,Florida,US,2020-04-02 23:25:27,25.20904673,-81.07812416,38,0,0,0,"Monroe, Florida, US"
12087,Monroe,Florida,US,2020-04-04 23:34:21,25.20904673,-81.07812416,42,2,0,0,"Monroe, Florida, US"
12087,Monroe,Florida,US,2020-04-05 23:06:45,25.20904673,-81.07812416,44,2,0,0,"Monroe, Florida, US"
12087,Monroe,Florida,US,2020-03-31 23:43:56,25.20904673,-81.07812416,27,0,0,0,"Monroe, Florida, US"
12087,Monroe,Florida,US,2020-03-30 22:52:45,25.20904673,-81.07812416,24,0,0,0,"Monroe, Florida, US"
12087,Monroe,Florida,US,2020-04-01 21:58:49,25.20904673,-81.07812416,27,0,0,0,"Monroe, Florida, US"
12087,Monroe,Florida,US,2020-03-26 23:48:35,25.20904673,-81.07812416,12,0,0,0,"Monroe, Florida, US"
12087,Monroe,Florida,US,2020-03-25 23:33:19,25.20904673,-81.07812416,8,0,0,0,"Monroe, Florida, US"
12087,Monroe,Florida,US,2020-03-23 23:19:34,25.20904673,-81.07812416,2,0,0,0,"Monroe, Florida, US"
12087,Monroe,Florida,US,2020-03-29 23:08:25,25.20904673,-81.07812416,22,0,0,0,"Monroe, Florida, US"
12087,Monroe,Florida,US,2020-03-27 22:14:55,25.20904673,-81.07812416,16,0,0,0,"Monroe, Florida, US"
12087,Monroe,Florida,US,2020-04-03 22:46:37,25.20904673,-81.07812416,40,1,0,0,"Monroe, Florida, US"
12087,Monroe,Florida,US,2020-03-28 23:05:37,25.20904673,-81.07812416,20,0,0,0,"Monroe, Florida, US"
12087,Monroe,Florida,US,3/22/20 23:45,25.20904673,-81.07812416,1,0,0,0,"Monroe, Florida, US"
12087,Monroe,Florida,US,2020-03-24 23:37:31,25.20904673,-81.07812416,3,0,0,0,"Monroe, Florida, US"
12089,Nassau,Florida,US,3/22/20 23:45,30.61037141,-81.80297522,1,0,0,0,"Nassau, Florida, US"
12089,Nassau,Florida,US,2020-03-26 23:48:35,30.61037141,-81.80297522,5,0,0,0,"Nassau, Florida, US"
12089,Nassau,Florida,US,2020-03-23 23:19:34,30.61037141,-81.80297522,1,0,0,0,"Nassau, Florida, US"
12089,Nassau,Florida,US,2020-03-29 23:08:25,30.61037141,-81.80297522,7,0,0,0,"Nassau, Florida, US"
12089,Nassau,Florida,US,2020-03-31 23:43:56,30.61037141,-81.80297522,10,0,0,0,"Nassau, Florida, US"
12089,Nassau,Florida,US,2020-04-04 23:34:21,30.61037141,-81.80297522,21,0,0,0,"Nassau, Florida, US"
12089,Nassau,Florida,US,2020-03-28 23:05:37,30.61037141,-81.80297522,6,0,0,0,"Nassau, Florida, US"
12089,Nassau,Florida,US,2020-04-02 23:25:27,30.61037141,-81.80297522,16,0,0,0,"Nassau, Florida, US"
12089,Nassau,Florida,US,2020-04-01 21:58:49,30.61037141,-81.80297522,11,0,0,0,"Nassau, Florida, US"
12089,Nassau,Florida,US,2020-04-03 22:46:37,30.61037141,-81.80297522,19,0,0,0,"Nassau, Florida, US"
12089,Nassau,Florida,US,2020-03-24 23:37:31,30.61037141,-81.80297522,1,0,0,0,"Nassau, Florida, US"
12089,Nassau,Florida,US,2020-04-05 23:06:45,30.61037141,-81.80297522,21,0,0,0,"Nassau, Florida, US"
12089,Nassau,Florida,US,2020-03-25 23:33:19,30.61037141,-81.80297522,1,0,0,0,"Nassau, Florida, US"
12089,Nassau,Florida,US,2020-03-27 22:14:55,30.61037141,-81.80297522,6,0,0,0,"Nassau, Florida, US"
12089,Nassau,Florida,US,2020-03-30 22:52:45,30.61037141,-81.80297522,8,0,0,0,"Nassau, Florida, US"
12091,Okaloosa,Florida,US,2020-04-02 23:25:27,30.69143028,-86.59267105,51,1,0,0,"Okaloosa, Florida, US"
12091,Okaloosa,Florida,US,2020-03-30 22:52:45,30.69143028,-86.59267105,35,0,0,0,"Okaloosa, Florida, US"
12091,Okaloosa,Florida,US,2020-04-01 21:58:49,30.69143028,-86.59267105,39,1,0,0,"Okaloosa, Florida, US"
12091,Okaloosa,Florida,US,2020-03-29 23:08:25,30.69143028,-86.59267105,31,0,0,0,"Okaloosa, Florida, US"
12091,Okaloosa,Florida,US,2020-03-31 23:43:56,30.69143028,-86.59267105,39,1,0,0,"Okaloosa, Florida, US"
12091,Okaloosa,Florida,US,2020-04-05 23:06:45,30.69143028,-86.59267105,62,1,0,0,"Okaloosa, Florida, US"
12091,Okaloosa,Florida,US,2020-04-03 22:46:37,30.69143028,-86.59267105,54,1,0,0,"Okaloosa, Florida, US"
12091,Okaloosa,Florida,US,2020-03-26 23:48:35,30.69143028,-86.59267105,21,0,0,0,"Okaloosa, Florida, US"
12091,Okaloosa,Florida,US,2020-03-27 22:14:55,30.69143028,-86.59267105,23,0,0,0,"Okaloosa, Florida, US"
12091,Okaloosa,Florida,US,2020-04-04 23:34:21,30.69143028,-86.59267105,59,1,0,0,"Okaloosa, Florida, US"
12091,Okaloosa,Florida,US,2020-03-23 23:19:34,30.69143028,-86.59267105,14,0,0,0,"Okaloosa, Florida, US"
12091,Okaloosa,Florida,US,2020-03-25 23:33:19,30.69143028,-86.59267105,16,0,0,0,"Okaloosa, Florida, US"
12091,Okaloosa,Florida,US,3/22/20 23:45,30.69143028,-86.59267105,14,0,0,0,"Okaloosa, Florida, US"
12091,Okaloosa,Florida,US,2020-03-24 23:37:31,30.69143028,-86.59267105,14,0,0,0,"Okaloosa, Florida, US"
12091,Okaloosa,Florida,US,2020-03-28 23:05:37,30.69143028,-86.59267105,27,0,0,0,"Okaloosa, Florida, US"
12093,Okeechobee,Florida,US,2020-03-27 22:14:55,27.386336199999995,-80.88944347,0,0,0,0,"Okeechobee, Florida, US"
12093,Okeechobee,Florida,US,2020-04-05 23:06:45,27.386336199999995,-80.88944347,3,0,0,0,"Okeechobee, Florida, US"
12093,Okeechobee,Florida,US,2020-03-23 23:19:34,27.386336199999995,-80.88944347,0,0,0,0,"Okeechobee, Florida, US"
12093,Okeechobee,Florida,US,3/22/20 23:45,27.3863362,-80.88944347,0,0,0,0,"Okeechobee, Florida, US"
12093,Okeechobee,Florida,US,2020-03-29 23:08:25,27.386336199999995,-80.88944347,0,0,0,0,"Okeechobee, Florida, US"
12093,Okeechobee,Florida,US,2020-03-30 22:52:45,27.386336199999995,-80.88944347,0,0,0,0,"Okeechobee, Florida, US"
12093,Okeechobee,Florida,US,2020-03-28 23:05:37,27.386336199999995,-80.88944347,0,0,0,0,"Okeechobee, Florida, US"
12093,Okeechobee,Florida,US,2020-04-03 22:46:37,27.386336199999995,-80.88944347,2,0,0,0,"Okeechobee, Florida, US"
12093,Okeechobee,Florida,US,2020-03-25 23:33:19,27.386336199999995,-80.88944347,0,0,0,0,"Okeechobee, Florida, US"
12093,Okeechobee,Florida,US,2020-03-26 23:48:35,27.386336199999995,-80.88944347,0,0,0,0,"Okeechobee, Florida, US"
12093,Okeechobee,Florida,US,2020-04-04 23:34:21,27.386336199999995,-80.88944347,3,0,0,0,"Okeechobee, Florida, US"
12093,Okeechobee,Florida,US,2020-03-24 23:37:31,27.386336199999995,-80.88944347,0,0,0,0,"Okeechobee, Florida, US"
12093,Okeechobee,Florida,US,2020-04-02 23:25:27,27.386336199999995,-80.88944347,1,0,0,0,"Okeechobee, Florida, US"
12095,Orange,Florida,US,2020-03-26 23:48:35,28.51367621,-81.31799498,110,4,0,0,"Orange, Florida, US"
12095,Orange,Florida,US,2020-03-28 23:05:37,28.51367621,-81.31799498,206,4,0,0,"Orange, Florida, US"
12095,Orange,Florida,US,2020-04-05 23:06:45,28.51367621,-81.31799498,713,8,0,0,"Orange, Florida, US"
12095,Orange,Florida,US,2020-04-03 22:46:37,28.51367621,-81.31799498,602,6,0,0,"Orange, Florida, US"
12095,Orange,Florida,US,3/22/20 23:45,28.51367621,-81.31799498,33,2,0,0,"Orange, Florida, US"
12095,Orange,Florida,US,2020-03-23 23:19:34,28.51367621,-81.31799498,48,2,0,0,"Orange, Florida, US"
12095,Orange,Florida,US,2020-03-27 22:14:55,28.51367621,-81.31799498,156,4,0,0,"Orange, Florida, US"
12095,Orange,Florida,US,2020-03-24 23:37:31,28.51367621,-81.31799498,50,2,0,0,"Orange, Florida, US"
12095,Orange,Florida,US,2020-03-30 22:52:45,28.51367621,-81.31799498,293,4,0,0,"Orange, Florida, US"
12095,Orange,Florida,US,2020-04-01 21:58:49,28.51367621,-81.31799498,392,4,0,0,"Orange, Florida, US"
12095,Orange,Florida,US,2020-03-31 23:43:56,28.51367621,-81.31799498,373,4,0,0,"Orange, Florida, US"
12095,Orange,Florida,US,2020-04-02 23:25:27,28.51367621,-81.31799498,541,5,0,0,"Orange, Florida, US"
12095,Orange,Florida,US,2020-03-25 23:33:19,28.51367621,-81.31799498,77,2,0,0,"Orange, Florida, US"
12095,Orange,Florida,US,2020-03-29 23:08:25,28.51367621,-81.31799498,246,4,0,0,"Orange, Florida, US"
12095,Orange,Florida,US,2020-04-04 23:34:21,28.51367621,-81.31799498,657,8,0,0,"Orange, Florida, US"
12097,Osceola,Florida,US,2020-03-27 22:14:55,28.06312234,-81.14882926,53,0,0,0,"Osceola, Florida, US"
12097,Osceola,Florida,US,2020-03-24 23:37:31,28.06312234,-81.14882926,26,0,0,0,"Osceola, Florida, US"
12097,Osceola,Florida,US,2020-04-01 21:58:49,28.06312234,-81.14882926,115,1,0,0,"Osceola, Florida, US"
12097,Osceola,Florida,US,2020-04-04 23:34:21,28.06312234,-81.14882926,216,4,0,0,"Osceola, Florida, US"
12097,Osceola,Florida,US,2020-03-28 23:05:37,28.06312234,-81.14882926,66,0,0,0,"Osceola, Florida, US"
12097,Osceola,Florida,US,2020-04-03 22:46:37,28.06312234,-81.14882926,201,4,0,0,"Osceola, Florida, US"
12097,Osceola,Florida,US,2020-03-30 22:52:45,28.06312234,-81.14882926,94,0,0,0,"Osceola, Florida, US"
12097,Osceola,Florida,US,3/22/20 23:45,28.06312234,-81.14882926,24,0,0,0,"Osceola, Florida, US"
12097,Osceola,Florida,US,2020-03-25 23:33:19,28.06312234,-81.14882926,35,0,0,0,"Osceola, Florida, US"
12097,Osceola,Florida,US,2020-03-26 23:48:35,28.06312234,-81.14882926,42,0,0,0,"Osceola, Florida, US"
12097,Osceola,Florida,US,2020-03-31 23:43:56,28.06312234,-81.14882926,110,1,0,0,"Osceola, Florida, US"
12097,Osceola,Florida,US,2020-04-02 23:25:27,28.06312234,-81.14882926,170,4,0,0,"Osceola, Florida, US"
12097,Osceola,Florida,US,2020-03-23 23:19:34,28.06312234,-81.14882926,25,0,0,0,"Osceola, Florida, US"
12097,Osceola,Florida,US,2020-03-29 23:08:25,28.06312234,-81.14882926,83,0,0,0,"Osceola, Florida, US"
12097,Osceola,Florida,US,2020-04-05 23:06:45,28.06312234,-81.14882926,229,4,0,0,"Osceola, Florida, US"
12099,Palm Beach,Florida,US,2020-03-27 22:14:55,26.64676272,-80.46536002,194,3,0,0,"Palm Beach, Florida, US"
12099,Palm Beach,Florida,US,2020-03-29 23:08:25,26.64676272,-80.46536002,333,5,0,0,"Palm Beach, Florida, US"
12099,Palm Beach,Florida,US,2020-04-03 22:46:37,26.64676272,-80.46536002,858,29,0,0,"Palm Beach, Florida, US"
12099,Palm Beach,Florida,US,2020-03-24 23:37:31,26.64676272,-80.46536002,101,3,0,0,"Palm Beach, Florida, US"
12099,Palm Beach,Florida,US,2020-04-01 21:58:49,26.64676272,-80.46536002,567,14,0,0,"Palm Beach, Florida, US"
12099,Palm Beach,Florida,US,2020-03-31 23:43:56,26.64676272,-80.46536002,551,14,0,0,"Palm Beach, Florida, US"
12099,Palm Beach,Florida,US,2020-04-05 23:06:45,26.64676272,-80.46536002,1000,49,0,0,"Palm Beach, Florida, US"
12099,Palm Beach,Florida,US,2020-03-23 23:19:34,26.64676272,-80.46536002,89,3,0,0,"Palm Beach, Florida, US"
12099,Palm Beach,Florida,US,2020-03-25 23:33:19,26.64676272,-80.46536002,118,3,0,0,"Palm Beach, Florida, US"
12099,Palm Beach,Florida,US,2020-03-26 23:48:35,26.64676272,-80.46536002,169,3,0,0,"Palm Beach, Florida, US"
12099,Palm Beach,Florida,US,2020-03-28 23:05:37,26.64676272,-80.46536002,292,5,0,0,"Palm Beach, Florida, US"
12099,Palm Beach,Florida,US,3/22/20 23:45,26.64676272,-80.46536002,72,0,0,0,"Palm Beach, Florida, US"
12099,Palm Beach,Florida,US,2020-04-02 23:25:27,26.64676272,-80.46536002,737,27,0,0,"Palm Beach, Florida, US"
12099,Palm Beach,Florida,US,2020-03-30 22:52:45,26.64676272,-80.46536002,423,7,0,0,"Palm Beach, Florida, US"
12099,Palm Beach,Florida,US,2020-04-04 23:34:21,26.64676272,-80.46536002,954,35,0,0,"Palm Beach, Florida, US"
12101,Pasco,Florida,US,2020-03-30 22:52:45,28.30810945,-82.40227529,38,2,0,0,"Pasco, Florida, US"
12101,Pasco,Florida,US,2020-03-25 23:33:19,28.30810945,-82.40227529,17,0,0,0,"Pasco, Florida, US"
12101,Pasco,Florida,US,2020-03-29 23:08:25,28.30810945,-82.40227529,34,2,0,0,"Pasco, Florida, US"
12101,Pasco,Florida,US,3/22/20 23:45,28.30810945,-82.40227529,11,1,0,0,"Pasco, Florida, US"
12101,Pasco,Florida,US,2020-03-26 23:48:35,28.30810945,-82.40227529,19,1,0,0,"Pasco, Florida, US"
12101,Pasco,Florida,US,2020-04-03 22:46:37,28.30810945,-82.40227529,77,2,0,0,"Pasco, Florida, US"
12101,Pasco,Florida,US,2020-03-27 22:14:55,28.30810945,-82.40227529,23,1,0,0,"Pasco, Florida, US"
12101,Pasco,Florida,US,2020-04-01 21:58:49,28.30810945,-82.40227529,43,2,0,0,"Pasco, Florida, US"
12101,Pasco,Florida,US,2020-03-31 23:43:56,28.30810945,-82.40227529,40,2,0,0,"Pasco, Florida, US"
12101,Pasco,Florida,US,2020-03-23 23:19:34,28.30810945,-82.40227529,14,1,0,0,"Pasco, Florida, US"
12101,Pasco,Florida,US,2020-04-05 23:06:45,28.30810945,-82.40227529,102,2,0,0,"Pasco, Florida, US"
12101,Pasco,Florida,US,2020-03-28 23:05:37,28.30810945,-82.40227529,28,1,0,0,"Pasco, Florida, US"
12101,Pasco,Florida,US,2020-04-02 23:25:27,28.30810945,-82.40227529,66,2,0,0,"Pasco, Florida, US"
12101,Pasco,Florida,US,2020-04-04 23:34:21,28.30810945,-82.40227529,90,2,0,0,"Pasco, Florida, US"
12101,Pasco,Florida,US,2020-03-24 23:37:31,28.30810945,-82.40227529,15,1,0,0,"Pasco, Florida, US"
12103,Pinellas,Florida,US,2020-03-27 22:14:55,27.93130349,-82.72239666,77,1,0,0,"Pinellas, Florida, US"
12103,Pinellas,Florida,US,2020-03-30 22:52:45,27.93130349,-82.72239666,126,5,0,0,"Pinellas, Florida, US"
12103,Pinellas,Florida,US,2020-03-25 23:33:19,27.93130349,-82.72239666,50,1,0,0,"Pinellas, Florida, US"
12103,Pinellas,Florida,US,2020-04-03 22:46:37,27.93130349,-82.72239666,318,7,0,0,"Pinellas, Florida, US"
12103,Pinellas,Florida,US,2020-04-05 23:06:45,27.93130349,-82.72239666,359,8,0,0,"Pinellas, Florida, US"
12103,Pinellas,Florida,US,2020-04-02 23:25:27,27.93130349,-82.72239666,273,6,0,0,"Pinellas, Florida, US"
12103,Pinellas,Florida,US,2020-03-23 23:19:34,27.93130349,-82.72239666,41,0,0,0,"Pinellas, Florida, US"
12103,Pinellas,Florida,US,2020-03-31 23:43:56,27.93130349,-82.72239666,167,5,0,0,"Pinellas, Florida, US"
12103,Pinellas,Florida,US,3/22/20 23:45,27.93130349,-82.72239666,38,0,0,0,"Pinellas, Florida, US"
12103,Pinellas,Florida,US,2020-03-26 23:48:35,27.93130349,-82.72239666,64,1,0,0,"Pinellas, Florida, US"
12103,Pinellas,Florida,US,2020-03-29 23:08:25,27.93130349,-82.72239666,113,4,0,0,"Pinellas, Florida, US"
12103,Pinellas,Florida,US,2020-04-01 21:58:49,27.93130349,-82.72239666,170,5,0,0,"Pinellas, Florida, US"
12103,Pinellas,Florida,US,2020-03-28 23:05:37,27.93130349,-82.72239666,94,1,0,0,"Pinellas, Florida, US"
12103,Pinellas,Florida,US,2020-03-24 23:37:31,27.93130349,-82.72239666,45,0,0,0,"Pinellas, Florida, US"
12103,Pinellas,Florida,US,2020-04-04 23:34:21,27.93130349,-82.72239666,342,7,0,0,"Pinellas, Florida, US"
12105,Polk,Florida,US,2020-04-02 23:25:27,27.95027105,-81.69732947,103,2,0,0,"Polk, Florida, US"
12105,Polk,Florida,US,2020-03-25 23:33:19,27.95027105,-81.69732947,14,0,0,0,"Polk, Florida, US"
12105,Polk,Florida,US,2020-03-28 23:05:37,27.95027105,-81.69732947,34,0,0,0,"Polk, Florida, US"
12105,Polk,Florida,US,2020-04-05 23:06:45,27.95027105,-81.69732947,157,4,0,0,"Polk, Florida, US"
12105,Polk,Florida,US,2020-03-23 23:19:34,27.95027105,-81.69732947,13,0,0,0,"Polk, Florida, US"
12105,Polk,Florida,US,2020-03-24 23:37:31,27.95027105,-81.69732947,13,0,0,0,"Polk, Florida, US"
12105,Polk,Florida,US,2020-03-26 23:48:35,27.95027105,-81.69732947,17,0,0,0,"Polk, Florida, US"
12105,Polk,Florida,US,2020-03-30 22:52:45,27.95027105,-81.69732947,55,0,0,0,"Polk, Florida, US"
12105,Polk,Florida,US,2020-04-01 21:58:49,27.95027105,-81.69732947,76,1,0,0,"Polk, Florida, US"
12105,Polk,Florida,US,2020-03-27 22:14:55,27.95027105,-81.69732947,26,0,0,0,"Polk, Florida, US"
12105,Polk,Florida,US,2020-04-03 22:46:37,27.95027105,-81.69732947,126,2,0,0,"Polk, Florida, US"
12105,Polk,Florida,US,2020-03-29 23:08:25,27.95027105,-81.69732947,39,0,0,0,"Polk, Florida, US"
12105,Polk,Florida,US,2020-04-04 23:34:21,27.95027105,-81.69732947,142,4,0,0,"Polk, Florida, US"
12105,Polk,Florida,US,2020-03-31 23:43:56,27.95027105,-81.69732947,73,1,0,0,"Polk, Florida, US"
12105,Polk,Florida,US,3/22/20 23:45,27.95027105,-81.69732947,11,0,0,0,"Polk, Florida, US"
12107,Putnam,Florida,US,2020-04-04 23:34:21,29.60779729,-81.74230285,18,1,0,0,"Putnam, Florida, US"
12107,Putnam,Florida,US,2020-03-27 22:14:55,29.60779729,-81.74230285,12,0,0,0,"Putnam, Florida, US"
12107,Putnam,Florida,US,2020-03-24 23:37:31,29.60779729,-81.74230285,2,0,0,0,"Putnam, Florida, US"
12107,Putnam,Florida,US,2020-03-26 23:48:35,29.60779729,-81.74230285,12,0,0,0,"Putnam, Florida, US"
12107,Putnam,Florida,US,2020-04-01 21:58:49,29.60779729,-81.74230285,13,0,0,0,"Putnam, Florida, US"
12107,Putnam,Florida,US,2020-03-28 23:05:37,29.60779729,-81.74230285,12,0,0,0,"Putnam, Florida, US"
12107,Putnam,Florida,US,2020-03-23 23:19:34,29.60779729,-81.74230285,2,0,0,0,"Putnam, Florida, US"
12107,Putnam,Florida,US,3/22/20 23:45,29.60779729,-81.74230285,2,0,0,0,"Putnam, Florida, US"
12107,Putnam,Florida,US,2020-03-31 23:43:56,29.60779729,-81.74230285,13,0,0,0,"Putnam, Florida, US"
12107,Putnam,Florida,US,2020-03-29 23:08:25,29.60779729,-81.74230285,12,0,0,0,"Putnam, Florida, US"
12107,Putnam,Florida,US,2020-03-30 22:52:45,29.60779729,-81.74230285,13,0,0,0,"Putnam, Florida, US"
12107,Putnam,Florida,US,2020-04-05 23:06:45,29.60779729,-81.74230285,19,1,0,0,"Putnam, Florida, US"
12107,Putnam,Florida,US,2020-03-25 23:33:19,29.60779729,-81.74230285,4,0,0,0,"Putnam, Florida, US"
12107,Putnam,Florida,US,2020-04-03 22:46:37,29.60779729,-81.74230285,15,1,0,0,"Putnam, Florida, US"
12107,Putnam,Florida,US,2020-04-02 23:25:27,29.60779729,-81.74230285,14,0,0,0,"Putnam, Florida, US"
12113,Santa Rosa,Florida,US,2020-03-25 23:33:19,30.69341450000001,-87.02458128,7,1,0,0,"Santa Rosa, Florida, US"
12113,Santa Rosa,Florida,US,2020-03-26 23:48:35,30.69341450000001,-87.02458128,9,1,0,0,"Santa Rosa, Florida, US"
12113,Santa Rosa,Florida,US,2020-04-04 23:34:21,30.69341450000001,-87.02458128,50,2,0,0,"Santa Rosa, Florida, US"
12113,Santa Rosa,Florida,US,2020-03-28 23:05:37,30.69341450000001,-87.02458128,14,1,0,0,"Santa Rosa, Florida, US"
12113,Santa Rosa,Florida,US,2020-03-23 23:19:34,30.69341450000001,-87.02458128,4,1,0,0,"Santa Rosa, Florida, US"
12113,Santa Rosa,Florida,US,2020-04-01 21:58:49,30.69341450000001,-87.02458128,44,2,0,0,"Santa Rosa, Florida, US"
12113,Santa Rosa,Florida,US,3/22/20 23:45,30.6934145,-87.02458128,4,1,0,0,"Santa Rosa, Florida, US"
12113,Santa Rosa,Florida,US,2020-03-31 23:43:56,30.69341450000001,-87.02458128,44,2,0,0,"Santa Rosa, Florida, US"
12113,Santa Rosa,Florida,US,2020-03-29 23:08:25,30.69341450000001,-87.02458128,20,1,0,0,"Santa Rosa, Florida, US"
12113,Santa Rosa,Florida,US,2020-03-27 22:14:55,30.69341450000001,-87.02458128,11,1,0,0,"Santa Rosa, Florida, US"
12113,Santa Rosa,Florida,US,2020-03-30 22:52:45,30.69341450000001,-87.02458128,30,1,0,0,"Santa Rosa, Florida, US"
12113,Santa Rosa,Florida,US,2020-04-05 23:06:45,30.69341450000001,-87.02458128,55,2,0,0,"Santa Rosa, Florida, US"
12113,Santa Rosa,Florida,US,2020-04-03 22:46:37,30.69341450000001,-87.02458128,48,2,0,0,"Santa Rosa, Florida, US"
12113,Santa Rosa,Florida,US,2020-03-24 23:37:31,30.69341450000001,-87.02458128,4,1,0,0,"Santa Rosa, Florida, US"
12113,Santa Rosa,Florida,US,2020-04-02 23:25:27,30.69341450000001,-87.02458128,47,2,0,0,"Santa Rosa, Florida, US"
12115,Sarasota,Florida,US,2020-03-23 23:19:34,27.18546175,-82.33174248,21,0,0,0,"Sarasota, Florida, US"
12115,Sarasota,Florida,US,2020-03-29 23:08:25,27.18546175,-82.33174248,50,2,0,0,"Sarasota, Florida, US"
12115,Sarasota,Florida,US,3/22/20 23:45,27.18546175,-82.33174248,15,0,0,0,"Sarasota, Florida, US"
12115,Sarasota,Florida,US,2020-03-31 23:43:56,27.18546175,-82.33174248,76,3,0,0,"Sarasota, Florida, US"
12115,Sarasota,Florida,US,2020-04-05 23:06:45,27.18546175,-82.33174248,140,7,0,0,"Sarasota, Florida, US"
12115,Sarasota,Florida,US,2020-04-02 23:25:27,27.18546175,-82.33174248,110,7,0,0,"Sarasota, Florida, US"
12115,Sarasota,Florida,US,2020-03-28 23:05:37,27.18546175,-82.33174248,48,2,0,0,"Sarasota, Florida, US"
12115,Sarasota,Florida,US,2020-03-25 23:33:19,27.18546175,-82.33174248,27,2,0,0,"Sarasota, Florida, US"
12115,Sarasota,Florida,US,2020-03-30 22:52:45,27.18546175,-82.33174248,61,2,0,0,"Sarasota, Florida, US"
12115,Sarasota,Florida,US,2020-04-01 21:58:49,27.18546175,-82.33174248,82,3,0,0,"Sarasota, Florida, US"
12115,Sarasota,Florida,US,2020-03-27 22:14:55,27.18546175,-82.33174248,40,2,0,0,"Sarasota, Florida, US"
12115,Sarasota,Florida,US,2020-03-24 23:37:31,27.18546175,-82.33174248,26,0,0,0,"Sarasota, Florida, US"
12115,Sarasota,Florida,US,2020-04-03 22:46:37,27.18546175,-82.33174248,124,7,0,0,"Sarasota, Florida, US"
12115,Sarasota,Florida,US,2020-03-26 23:48:35,27.18546175,-82.33174248,34,1,0,0,"Sarasota, Florida, US"
12115,Sarasota,Florida,US,2020-04-04 23:34:21,27.18546175,-82.33174248,129,7,0,0,"Sarasota, Florida, US"
12117,Seminole,Florida,US,2020-04-04 23:34:21,28.7158582,-81.24060348,178,1,0,0,"Seminole, Florida, US"
12117,Seminole,Florida,US,2020-03-23 23:19:34,28.7158582,-81.24060348,22,0,0,0,"Seminole, Florida, US"
12117,Seminole,Florida,US,2020-03-24 23:37:31,28.7158582,-81.24060348,23,0,0,0,"Seminole, Florida, US"
12117,Seminole,Florida,US,3/22/20 23:45,28.7158582,-81.24060348,19,0,0,0,"Seminole, Florida, US"
12117,Seminole,Florida,US,2020-04-03 22:46:37,28.7158582,-81.24060348,163,0,0,0,"Seminole, Florida, US"
12117,Seminole,Florida,US,2020-04-05 23:06:45,28.7158582,-81.24060348,191,1,0,0,"Seminole, Florida, US"
12117,Seminole,Florida,US,2020-03-25 23:33:19,28.7158582,-81.24060348,29,0,0,0,"Seminole, Florida, US"
12117,Seminole,Florida,US,2020-03-30 22:52:45,28.7158582,-81.24060348,87,0,0,0,"Seminole, Florida, US"
12117,Seminole,Florida,US,2020-03-27 22:14:55,28.7158582,-81.24060348,49,0,0,0,"Seminole, Florida, US"
12117,Seminole,Florida,US,2020-03-26 23:48:35,28.7158582,-81.24060348,37,0,0,0,"Seminole, Florida, US"
12117,Seminole,Florida,US,2020-04-02 23:25:27,28.7158582,-81.24060348,145,0,0,0,"Seminole, Florida, US"
12117,Seminole,Florida,US,2020-03-28 23:05:37,28.7158582,-81.24060348,61,0,0,0,"Seminole, Florida, US"
12117,Seminole,Florida,US,2020-03-29 23:08:25,28.7158582,-81.24060348,76,0,0,0,"Seminole, Florida, US"
12117,Seminole,Florida,US,2020-03-31 23:43:56,28.7158582,-81.24060348,103,0,0,0,"Seminole, Florida, US"
12117,Seminole,Florida,US,2020-04-01 21:58:49,28.7158582,-81.24060348,109,0,0,0,"Seminole, Florida, US"
12109,St. Johns,Florida,US,2020-03-28 23:05:37,29.90096506,-81.43589967,48,2,0,0,"St. Johns, Florida, US"
12109,St. Johns,Florida,US,2020-03-26 23:48:35,29.90096506,-81.43589967,33,1,0,0,"St. Johns, Florida, US"
12109,St. Johns,Florida,US,2020-04-02 23:25:27,29.90096506,-81.43589967,102,2,0,0,"St. Johns, Florida, US"
12109,St. Johns,Florida,US,2020-03-24 23:37:31,29.90096506,-81.43589967,22,0,0,0,"St. Johns, Florida, US"
12109,St. Johns,Florida,US,2020-03-25 23:33:19,29.90096506,-81.43589967,26,1,0,0,"St. Johns, Florida, US"
12109,St. Johns,Florida,US,2020-04-04 23:34:21,29.90096506,-81.43589967,132,2,0,0,"St. Johns, Florida, US"
12109,St. Johns,Florida,US,2020-03-31 23:43:56,29.90096506,-81.43589967,79,2,0,0,"St. Johns, Florida, US"
12109,St. Johns,Florida,US,2020-04-03 22:46:37,29.90096506,-81.43589967,119,2,0,0,"St. Johns, Florida, US"
12109,St. Johns,Florida,US,2020-03-29 23:08:25,29.90096506,-81.43589967,50,2,0,0,"St. Johns, Florida, US"
12109,St. Johns,Florida,US,3/22/20 23:45,29.90096506,-81.43589967,16,0,0,0,"St. Johns, Florida, US"
12109,St. Johns,Florida,US,2020-03-27 22:14:55,29.90096506,-81.43589967,36,1,0,0,"St. Johns, Florida, US"
12109,St. Johns,Florida,US,2020-03-30 22:52:45,29.90096506,-81.43589967,60,2,0,0,"St. Johns, Florida, US"
12109,St. Johns,Florida,US,2020-04-05 23:06:45,29.90096506,-81.43589967,141,2,0,0,"St. Johns, Florida, US"
12109,St. Johns,Florida,US,2020-03-23 23:19:34,29.90096506,-81.43589967,18,0,0,0,"St. Johns, Florida, US"
12109,St. Johns,Florida,US,2020-04-01 21:58:49,29.90096506,-81.43589967,83,2,0,0,"St. Johns, Florida, US"
12111,St. Lucie,Florida,US,2020-03-23 23:19:34,27.37763908,-80.47106649,5,0,0,0,"St. Lucie, Florida, US"
12111,St. Lucie,Florida,US,2020-03-27 22:14:55,27.37763908,-80.47106649,14,1,0,0,"St. Lucie, Florida, US"
12111,St. Lucie,Florida,US,2020-03-25 23:33:19,27.37763908,-80.47106649,8,0,0,0,"St. Lucie, Florida, US"
12111,St. Lucie,Florida,US,2020-04-04 23:34:21,27.37763908,-80.47106649,76,3,0,0,"St. Lucie, Florida, US"
12111,St. Lucie,Florida,US,2020-03-31 23:43:56,27.37763908,-80.47106649,38,2,0,0,"St. Lucie, Florida, US"
12111,St. Lucie,Florida,US,3/22/20 23:45,27.37763908,-80.47106649,3,0,0,0,"St. Lucie, Florida, US"
12111,St. Lucie,Florida,US,2020-03-29 23:08:25,27.37763908,-80.47106649,23,1,0,0,"St. Lucie, Florida, US"
12111,St. Lucie,Florida,US,2020-03-30 22:52:45,27.37763908,-80.47106649,29,2,0,0,"St. Lucie, Florida, US"
12111,St. Lucie,Florida,US,2020-04-05 23:06:45,27.37763908,-80.47106649,82,3,0,0,"St. Lucie, Florida, US"
12111,St. Lucie,Florida,US,2020-03-28 23:05:37,27.37763908,-80.47106649,21,1,0,0,"St. Lucie, Florida, US"
12111,St. Lucie,Florida,US,2020-03-24 23:37:31,27.37763908,-80.47106649,6,0,0,0,"St. Lucie, Florida, US"
12111,St. Lucie,Florida,US,2020-04-01 21:58:49,27.37763908,-80.47106649,40,2,0,0,"St. Lucie, Florida, US"
12111,St. Lucie,Florida,US,2020-04-02 23:25:27,27.37763908,-80.47106649,48,3,0,0,"St. Lucie, Florida, US"
12111,St. Lucie,Florida,US,2020-04-03 22:46:37,27.37763908,-80.47106649,60,3,0,0,"St. Lucie, Florida, US"
12111,St. Lucie,Florida,US,2020-03-26 23:48:35,27.37763908,-80.47106649,10,0,0,0,"St. Lucie, Florida, US"
12119,Sumter,Florida,US,2020-03-30 22:52:45,28.70181754,-82.0794267,46,0,0,0,"Sumter, Florida, US"
12119,Sumter,Florida,US,2020-03-23 23:19:34,28.70181754,-82.0794267,8,0,0,0,"Sumter, Florida, US"
12119,Sumter,Florida,US,2020-03-27 22:14:55,28.70181754,-82.0794267,29,0,0,0,"Sumter, Florida, US"
12119,Sumter,Florida,US,2020-04-03 22:46:37,28.70181754,-82.0794267,68,2,0,0,"Sumter, Florida, US"
12119,Sumter,Florida,US,2020-04-01 21:58:49,28.70181754,-82.0794267,52,0,0,0,"Sumter, Florida, US"
12119,Sumter,Florida,US,2020-04-05 23:06:45,28.70181754,-82.0794267,75,3,0,0,"Sumter, Florida, US"
12119,Sumter,Florida,US,2020-03-26 23:48:35,28.70181754,-82.0794267,24,0,0,0,"Sumter, Florida, US"
12119,Sumter,Florida,US,2020-03-24 23:37:31,28.70181754,-82.0794267,10,0,0,0,"Sumter, Florida, US"
12119,Sumter,Florida,US,2020-03-25 23:33:19,28.70181754,-82.0794267,13,0,0,0,"Sumter, Florida, US"
12119,Sumter,Florida,US,2020-03-28 23:05:37,28.70181754,-82.0794267,33,0,0,0,"Sumter, Florida, US"
12119,Sumter,Florida,US,2020-04-04 23:34:21,28.70181754,-82.0794267,73,3,0,0,"Sumter, Florida, US"
12119,Sumter,Florida,US,2020-03-31 23:43:56,28.70181754,-82.0794267,51,0,0,0,"Sumter, Florida, US"
12119,Sumter,Florida,US,3/22/20 23:45,28.70181754,-82.0794267,5,0,0,0,"Sumter, Florida, US"
12119,Sumter,Florida,US,2020-03-29 23:08:25,28.70181754,-82.0794267,43,0,0,0,"Sumter, Florida, US"
12119,Sumter,Florida,US,2020-04-02 23:25:27,28.70181754,-82.0794267,66,2,0,0,"Sumter, Florida, US"
12121,Suwannee,Florida,US,2020-04-02 23:25:27,30.19746066,-82.99099670000003,7,0,0,0,"Suwannee, Florida, US"
12121,Suwannee,Florida,US,2020-03-25 23:33:19,30.19746066,-82.99099670000003,0,0,0,0,"Suwannee, Florida, US"
12121,Suwannee,Florida,US,2020-03-28 23:05:37,30.19746066,-82.99099670000003,1,0,0,0,"Suwannee, Florida, US"
12121,Suwannee,Florida,US,2020-03-26 23:48:35,30.19746066,-82.99099670000003,0,0,0,0,"Suwannee, Florida, US"
12121,Suwannee,Florida,US,2020-04-04 23:34:21,30.19746066,-82.99099670000003,17,0,0,0,"Suwannee, Florida, US"
12121,Suwannee,Florida,US,3/22/20 23:45,30.19746066,-82.9909967,0,0,0,0,"Suwannee, Florida, US"
12121,Suwannee,Florida,US,2020-03-31 23:43:56,30.19746066,-82.99099670000003,3,0,0,0,"Suwannee, Florida, US"
12121,Suwannee,Florida,US,2020-04-01 21:58:49,30.19746066,-82.99099670000003,4,0,0,0,"Suwannee, Florida, US"
12121,Suwannee,Florida,US,2020-03-23 23:19:34,30.19746066,-82.99099670000003,0,0,0,0,"Suwannee, Florida, US"
12121,Suwannee,Florida,US,2020-03-30 22:52:45,30.19746066,-82.99099670000003,3,0,0,0,"Suwannee, Florida, US"
12121,Suwannee,Florida,US,2020-03-29 23:08:25,30.19746066,-82.99099670000003,1,0,0,0,"Suwannee, Florida, US"
12121,Suwannee,Florida,US,2020-03-24 23:37:31,30.19746066,-82.99099670000003,0,0,0,0,"Suwannee, Florida, US"
12121,Suwannee,Florida,US,2020-04-05 23:06:45,30.19746066,-82.99099670000003,18,0,0,0,"Suwannee, Florida, US"
12121,Suwannee,Florida,US,2020-04-03 22:46:37,30.19746066,-82.99099670000003,11,0,0,0,"Suwannee, Florida, US"
12121,Suwannee,Florida,US,2020-03-27 22:14:55,30.19746066,-82.99099670000003,1,0,0,0,"Suwannee, Florida, US"
12123,Taylor,Florida,US,2020-03-25 23:33:19,30.04848048,-83.60445406,0,0,0,0,"Taylor, Florida, US"
12123,Taylor,Florida,US,2020-03-24 23:37:31,30.04848048,-83.60445406,0,0,0,0,"Taylor, Florida, US"
12123,Taylor,Florida,US,3/22/20 23:45,30.04848048,-83.60445406,0,0,0,0,"Taylor, Florida, US"
12123,Taylor,Florida,US,2020-03-28 23:05:37,30.04848048,-83.60445406,0,0,0,0,"Taylor, Florida, US"
12123,Taylor,Florida,US,2020-03-26 23:48:35,30.04848048,-83.60445406,0,0,0,0,"Taylor, Florida, US"
12123,Taylor,Florida,US,2020-03-30 22:52:45,30.04848048,-83.60445406,0,0,0,0,"Taylor, Florida, US"
12123,Taylor,Florida,US,2020-03-29 23:08:25,30.04848048,-83.60445406,0,0,0,0,"Taylor, Florida, US"
12123,Taylor,Florida,US,2020-03-23 23:19:34,30.04848048,-83.60445406,0,0,0,0,"Taylor, Florida, US"
12123,Taylor,Florida,US,2020-03-27 22:14:55,30.04848048,-83.60445406,0,0,0,0,"Taylor, Florida, US"
90012,Unassigned,Florida,US,2020-04-02 23:25:27,,,9,20,0,0,"Unassigned, Florida, US"
,Unassigned,Florida,US,2020-03-24 23:37:31,0.0,0.0,0,1,0,0,"Unassigned, Florida, US"
,Unassigned,Florida,US,2020-03-30 22:52:45,0.0,0.0,1,4,0,0,"Unassigned, Florida, US"
90012,Unassigned,Florida,US,2020-04-05 23:06:45,,,4,0,0,0,"Unassigned, Florida, US"
90012,Unassigned,Florida,US,2020-04-03 22:46:37,,,10,7,0,0,"Unassigned, Florida, US"
,Unassigned,Florida,US,3/22/20 23:45,0,0,1,0,0,0,"Unassigned, Florida, US"
,Unassigned,Florida,US,2020-03-31 23:43:56,0.0,0.0,2,0,0,0,"Unassigned, Florida, US"
,Unassigned,Florida,US,2020-03-23 23:19:34,0.0,0.0,0,1,0,0,"Unassigned, Florida, US"
,Unassigned,Florida,US,2020-04-01 21:58:49,0.0,0.0,3,2,0,0,"Unassigned, Florida, US"
90012,Unassigned,Florida,US,2020-04-04 23:34:21,,,1,1,0,0,"Unassigned, Florida, US"
,Unassigned,Florida,US,2020-03-28 23:05:37,0.0,0.0,0,8,0,0,"Unassigned, Florida, US"
,Unassigned,Florida,US,2020-03-29 23:08:25,0.0,0.0,0,2,0,0,"Unassigned, Florida, US"
12125,Union,Florida,US,2020-04-05 23:06:45,30.04412971,-82.37497443,2,0,0,0,"Union, Florida, US"
12125,Union,Florida,US,2020-03-30 22:52:45,30.04412971,-82.37497443,0,0,0,0,"Union, Florida, US"
12125,Union,Florida,US,2020-04-04 23:34:21,30.04412971,-82.37497443,10,0,0,0,"Union, Florida, US"
12125,Union,Florida,US,3/22/20 23:45,30.04412971,-82.37497443,0,0,0,0,"Union, Florida, US"
12125,Union,Florida,US,2020-03-28 23:05:37,30.04412971,-82.37497443,0,0,0,0,"Union, Florida, US"
12125,Union,Florida,US,2020-04-03 22:46:37,30.04412971,-82.37497443,1,0,0,0,"Union, Florida, US"
12125,Union,Florida,US,2020-04-02 23:25:27,30.04412971,-82.37497443,1,0,0,0,"Union, Florida, US"
12125,Union,Florida,US,2020-03-24 23:37:31,30.04412971,-82.37497443,0,0,0,0,"Union, Florida, US"
12125,Union,Florida,US,2020-03-31 23:43:56,30.04412971,-82.37497443,1,0,0,0,"Union, Florida, US"
12125,Union,Florida,US,2020-04-01 21:58:49,30.04412971,-82.37497443,1,0,0,0,"Union, Florida, US"
12125,Union,Florida,US,2020-03-29 23:08:25,30.04412971,-82.37497443,0,0,0,0,"Union, Florida, US"
12125,Union,Florida,US,2020-03-26 23:48:35,30.04412971,-82.37497443,0,0,0,0,"Union, Florida, US"
12125,Union,Florida,US,2020-03-27 22:14:55,30.04412971,-82.37497443,0,0,0,0,"Union, Florida, US"
12125,Union,Florida,US,2020-03-23 23:19:34,30.04412971,-82.37497443,0,0,0,0,"Union, Florida, US"
12125,Union,Florida,US,2020-03-25 23:33:19,30.04412971,-82.37497443,0,0,0,0,"Union, Florida, US"
12127,Volusia,Florida,US,2020-04-02 23:25:27,29.05858895,-81.18263252,102,1,0,0,"Volusia, Florida, US"
12127,Volusia,Florida,US,2020-03-29 23:08:25,29.05858895,-81.18263252,47,1,0,0,"Volusia, Florida, US"
12127,Volusia,Florida,US,2020-04-05 23:06:45,29.05858895,-81.18263252,151,2,0,0,"Volusia, Florida, US"
12127,Volusia,Florida,US,3/22/20 23:45,29.05858895,-81.18263252,14,0,0,0,"Volusia, Florida, US"
12127,Volusia,Florida,US,2020-03-26 23:48:35,29.05858895,-81.18263252,29,0,0,0,"Volusia, Florida, US"
12127,Volusia,Florida,US,2020-03-31 23:43:56,29.05858895,-81.18263252,80,1,0,0,"Volusia, Florida, US"
12127,Volusia,Florida,US,2020-04-03 22:46:37,29.05858895,-81.18263252,125,1,0,0,"Volusia, Florida, US"
12127,Volusia,Florida,US,2020-03-25 23:33:19,29.05858895,-81.18263252,20,0,0,0,"Volusia, Florida, US"
12127,Volusia,Florida,US,2020-03-30 22:52:45,29.05858895,-81.18263252,65,1,0,0,"Volusia, Florida, US"
12127,Volusia,Florida,US,2020-03-27 22:14:55,29.05858895,-81.18263252,39,0,0,0,"Volusia, Florida, US"
12127,Volusia,Florida,US,2020-03-28 23:05:37,29.05858895,-81.18263252,44,0,0,0,"Volusia, Florida, US"
12127,Volusia,Florida,US,2020-03-23 23:19:34,29.05858895,-81.18263252,16,0,0,0,"Volusia, Florida, US"
12127,Volusia,Florida,US,2020-04-04 23:34:21,29.05858895,-81.18263252,134,2,0,0,"Volusia, Florida, US"
12127,Volusia,Florida,US,2020-04-01 21:58:49,29.05858895,-81.18263252,80,1,0,0,"Volusia, Florida, US"
12127,Volusia,Florida,US,2020-03-24 23:37:31,29.05858895,-81.18263252,18,0,0,0,"Volusia, Florida, US"
12129,Wakulla,Florida,US,2020-04-05 23:06:45,30.16548905,-84.39895211,6,0,0,0,"Wakulla, Florida, US"
12129,Wakulla,Florida,US,2020-03-25 23:33:19,30.16548905,-84.39895211,0,0,0,0,"Wakulla, Florida, US"
12129,Wakulla,Florida,US,2020-03-23 23:19:34,30.16548905,-84.39895211,0,0,0,0,"Wakulla, Florida, US"
12129,Wakulla,Florida,US,2020-04-01 21:58:49,30.16548905,-84.39895211,1,0,0,0,"Wakulla, Florida, US"
12129,Wakulla,Florida,US,2020-03-26 23:48:35,30.16548905,-84.39895211,0,0,0,0,"Wakulla, Florida, US"
12129,Wakulla,Florida,US,2020-03-29 23:08:25,30.16548905,-84.39895211,0,0,0,0,"Wakulla, Florida, US"
12129,Wakulla,Florida,US,2020-03-31 23:43:56,30.16548905,-84.39895211,1,0,0,0,"Wakulla, Florida, US"
12129,Wakulla,Florida,US,2020-03-24 23:37:31,30.16548905,-84.39895211,0,0,0,0,"Wakulla, Florida, US"
12129,Wakulla,Florida,US,2020-04-04 23:34:21,30.16548905,-84.39895211,5,0,0,0,"Wakulla, Florida, US"
12129,Wakulla,Florida,US,2020-03-27 22:14:55,30.16548905,-84.39895211,0,0,0,0,"Wakulla, Florida, US"
12129,Wakulla,Florida,US,3/22/20 23:45,30.16548905,-84.39895211,0,0,0,0,"Wakulla, Florida, US"
12129,Wakulla,Florida,US,2020-03-28 23:05:37,30.16548905,-84.39895211,0,0,0,0,"Wakulla, Florida, US"
12129,Wakulla,Florida,US,2020-03-30 22:52:45,30.16548905,-84.39895211,1,0,0,0,"Wakulla, Florida, US"
12129,Wakulla,Florida,US,2020-04-02 23:25:27,30.16548905,-84.39895211,2,0,0,0,"Wakulla, Florida, US"
12129,Wakulla,Florida,US,2020-04-03 22:46:37,30.16548905,-84.39895211,3,0,0,0,"Wakulla, Florida, US"
12131,Walton,Florida,US,2020-03-30 22:52:45,30.64204028,-86.16935664,15,0,0,0,"Walton, Florida, US"
12131,Walton,Florida,US,2020-03-29 23:08:25,30.64204028,-86.16935664,15,0,0,0,"Walton, Florida, US"
12131,Walton,Florida,US,2020-04-04 23:34:21,30.64204028,-86.16935664,21,0,0,0,"Walton, Florida, US"
12131,Walton,Florida,US,2020-03-26 23:48:35,30.64204028,-86.16935664,13,0,0,0,"Walton, Florida, US"
12131,Walton,Florida,US,2020-03-23 23:19:34,30.64204028,-86.16935664,9,0,0,0,"Walton, Florida, US"
12131,Walton,Florida,US,2020-03-25 23:33:19,30.64204028,-86.16935664,12,0,0,0,"Walton, Florida, US"
12131,Walton,Florida,US,2020-03-27 22:14:55,30.64204028,-86.16935664,13,0,0,0,"Walton, Florida, US"
12131,Walton,Florida,US,2020-03-28 23:05:37,30.64204028,-86.16935664,15,0,0,0,"Walton, Florida, US"
12131,Walton,Florida,US,2020-04-05 23:06:45,30.64204028,-86.16935664,23,0,0,0,"Walton, Florida, US"
12131,Walton,Florida,US,2020-03-31 23:43:56,30.64204028,-86.16935664,18,0,0,0,"Walton, Florida, US"
12131,Walton,Florida,US,2020-04-01 21:58:49,30.64204028,-86.16935664,18,0,0,0,"Walton, Florida, US"
12131,Walton,Florida,US,2020-04-02 23:25:27,30.64204028,-86.16935664,19,0,0,0,"Walton, Florida, US"
12131,Walton,Florida,US,3/22/20 23:45,30.64204028,-86.16935664,4,0,0,0,"Walton, Florida, US"
12131,Walton,Florida,US,2020-04-03 22:46:37,30.64204028,-86.16935664,19,0,0,0,"Walton, Florida, US"
12131,Walton,Florida,US,2020-03-24 23:37:31,30.64204028,-86.16935664,10,0,0,0,"Walton, Florida, US"
12133,Washington,Florida,US,2020-04-01 21:58:49,30.61359259,-85.66002461,1,0,0,0,"Washington, Florida, US"
12133,Washington,Florida,US,2020-03-24 23:37:31,30.61359259,-85.66002461,0,0,0,0,"Washington, Florida, US"
12133,Washington,Florida,US,2020-03-26 23:48:35,30.61359259,-85.66002461,0,0,0,0,"Washington, Florida, US"
12133,Washington,Florida,US,2020-04-03 22:46:37,30.61359259,-85.66002461,1,0,0,0,"Washington, Florida, US"
12133,Washington,Florida,US,2020-03-25 23:33:19,30.61359259,-85.66002461,0,0,0,0,"Washington, Florida, US"
12133,Washington,Florida,US,2020-03-27 22:14:55,30.61359259,-85.66002461,1,0,0,0,"Washington, Florida, US"
12133,Washington,Florida,US,2020-04-04 23:34:21,30.61359259,-85.66002461,1,0,0,0,"Washington, Florida, US"
12133,Washington,Florida,US,2020-03-28 23:05:37,30.61359259,-85.66002461,1,0,0,0,"Washington, Florida, US"
12133,Washington,Florida,US,2020-03-31 23:43:56,30.61359259,-85.66002461,1,0,0,0,"Washington, Florida, US"
12133,Washington,Florida,US,2020-03-30 22:52:45,30.61359259,-85.66002461,1,0,0,0,"Washington, Florida, US"
12133,Washington,Florida,US,2020-03-29 23:08:25,30.61359259,-85.66002461,1,0,0,0,"Washington, Florida, US"
12133,Washington,Florida,US,3/22/20 23:45,30.61359259,-85.66002461,0,0,0,0,"Washington, Florida, US"
12133,Washington,Florida,US,2020-04-02 23:25:27,30.61359259,-85.66002461,1,0,0,0,"Washington, Florida, US"
12133,Washington,Florida,US,2020-03-23 23:19:34,30.61359259,-85.66002461,0,0,0,0,"Washington, Florida, US"
12133,Washington,Florida,US,2020-04-05 23:06:45,30.61359259,-85.66002461,1,0,0,0,"Washington, Florida, US"
