FIPS,County,State,Country,Date,lat,lon,Confirmed,Deaths,Recovered,Active,Combined_Key
34001,Atlantic,New Jersey,US,2020-04-12 23:18:15,39.47538693,-74.65848483,253,8,0,245,"Atlantic, New Jersey, US"
34001,Atlantic,New Jersey,US,2020-03-25 23:33:19,39.47538693,-74.65848483,12,0,0,0,"Atlantic, New Jersey, US"
34001,Atlantic,New Jersey,US,2020-03-26 23:48:35,39.47538693,-74.65848483,10,0,0,0,"Atlantic, New Jersey, US"
34001,Atlantic,New Jersey,US,2020-03-27 22:14:55,39.47538693,-74.65848483,14,0,0,0,"Atlantic, New Jersey, US"
34001,Atlantic,New Jersey,US,3/28/20 23:05,39.47538693,-74.65848483,17,0,0,0,"Atlantic, New Jersey, US"
34001,Atlantic,New Jersey,US,3/29/20 23:08,39.47538693,-74.65848483,24,0,0,0,"Atlantic, New Jersey, US"
34001,Atlantic,New Jersey,US,3/30/20 22:52,39.47538693,-74.65848483,29,0,0,0,"Atlantic, New Jersey, US"
34001,Atlantic,New Jersey,US,2020-03-31 23:43:56,39.47538693,-74.65848483,31,0,0,0,"Atlantic, New Jersey, US"
34001,Atlantic,New Jersey,US,2020-04-01 21:58:49,39.47538693,-74.65848483,40,0,0,0,"Atlantic, New Jersey, US"
34001,Atlantic,New Jersey,US,4/2/20 23:25,39.47538693,-74.65848483,50,1,0,0,"Atlantic, New Jersey, US"
34001,Atlantic,New Jersey,US,2020-03-23 23:19:34,39.47538693,-74.65848483,6,0,0,0,"Atlantic, New Jersey, US"
34001,Atlantic,New Jersey,US,3/22/20 23:45,39.47538693,-74.65848483,5,0,0,0,"Atlantic, New Jersey, US"
34001,Atlantic,New Jersey,US,4/4/20 23:34,39.47538693,-74.65848483,98,1,0,0,"Atlantic, New Jersey, US"
34001,Atlantic,New Jersey,US,2020-04-05 23:06:45,39.47538693,-74.65848483,121,1,0,0,"Atlantic, New Jersey, US"
34001,Atlantic,New Jersey,US,2020-04-03 22:46:37,39.47538693,-74.65848483,72,1,0,0,"Atlantic, New Jersey, US"
34001,Atlantic,New Jersey,US,4/6/20 23:22,39.47538693,-74.65848483,132,1,0,0,"Atlantic, New Jersey, US"
34001,Atlantic,New Jersey,US,2020-04-11 22:45:33,39.47538693,-74.65848483,230,7,0,0,"Atlantic, New Jersey, US"
34001,Atlantic,New Jersey,US,2020-04-10 22:54:07,39.47538693,-74.65848483,211,6,0,0,"Atlantic, New Jersey, US"
34001,Atlantic,New Jersey,US,2020-04-09 23:02:37,39.47538693,-74.65848483,191,4,0,0,"Atlantic, New Jersey, US"
34001,Atlantic,New Jersey,US,2020-04-08 22:51:58,39.47538693,-74.65848483,168,4,0,0,"Atlantic, New Jersey, US"
34001,Atlantic,New Jersey,US,2020-03-24 23:37:31,39.47538693,-74.65848483,6,0,0,0,"Atlantic, New Jersey, US"
34001,Atlantic,New Jersey,US,2020-04-07 23:04:49,39.47538693,-74.65848483,144,4,0,0,"Atlantic, New Jersey, US"
34003,Bergen,New Jersey,US,4/2/20 23:25,40.96010917,-74.07164325,4099,120,0,0,"Bergen, New Jersey, US"
34003,Bergen,New Jersey,US,2020-04-11 22:45:33,40.96010917,-74.07164325,9362,435,0,0,"Bergen, New Jersey, US"
34003,Bergen,New Jersey,US,2020-03-25 23:33:19,40.96010917,-74.07164325,819,6,0,0,"Bergen, New Jersey, US"
34003,Bergen,New Jersey,US,4/4/20 23:34,40.96010917,-74.07164325,5760,179,0,0,"Bergen, New Jersey, US"
34003,Bergen,New Jersey,US,2020-03-26 23:48:35,40.96010917,-74.07164325,1206,6,0,0,"Bergen, New Jersey, US"
34003,Bergen,New Jersey,US,2020-04-12 23:18:15,40.96010917,-74.07164325,9784,453,0,9331,"Bergen, New Jersey, US"
34003,Bergen,New Jersey,US,2020-03-27 22:14:55,40.96010917,-74.07164325,1505,6,0,0,"Bergen, New Jersey, US"
34003,Bergen,New Jersey,US,2020-04-10 22:54:07,40.96010917,-74.07164325,8928,390,0,0,"Bergen, New Jersey, US"
34003,Bergen,New Jersey,US,3/28/20 23:05,40.96010917,-74.07164325,1838,13,0,0,"Bergen, New Jersey, US"
34003,Bergen,New Jersey,US,4/6/20 23:22,40.96010917,-74.07164325,6862,200,0,0,"Bergen, New Jersey, US"
34003,Bergen,New Jersey,US,3/29/20 23:08,40.96010917,-74.07164325,2169,23,0,0,"Bergen, New Jersey, US"
34003,Bergen,New Jersey,US,2020-04-09 23:02:37,40.96010917,-74.07164325,8343,345,0,0,"Bergen, New Jersey, US"
34003,Bergen,New Jersey,US,2020-04-05 23:06:45,40.96010917,-74.07164325,6187,189,0,0,"Bergen, New Jersey, US"
34003,Bergen,New Jersey,US,2020-03-31 23:43:56,40.96010917,-74.07164325,2909,4,0,0,"Bergen, New Jersey, US"
34003,Bergen,New Jersey,US,2020-04-08 22:51:58,40.96010917,-74.07164325,7874,314,0,0,"Bergen, New Jersey, US"
34003,Bergen,New Jersey,US,2020-04-01 21:58:49,40.96010917,-74.07164325,3494,75,0,0,"Bergen, New Jersey, US"
34003,Bergen,New Jersey,US,2020-04-03 22:46:37,40.96010917,-74.07164325,4866,132,0,0,"Bergen, New Jersey, US"
34003,Bergen,New Jersey,US,2020-04-07 23:04:49,40.96010917,-74.07164325,7533,263,0,0,"Bergen, New Jersey, US"
34003,Bergen,New Jersey,US,2020-03-24 23:37:31,40.96010917,-74.07164325,701,6,0,0,"Bergen, New Jersey, US"
34003,Bergen,New Jersey,US,3/30/20 22:52,40.96010917,-74.07164325,2482,23,0,0,"Bergen, New Jersey, US"
34003,Bergen,New Jersey,US,3/22/20 23:45,40.96010917,-74.07164325,457,6,0,0,"Bergen, New Jersey, US"
34003,Bergen,New Jersey,US,2020-03-23 23:19:34,40.96010917,-74.07164325,609,6,0,0,"Bergen, New Jersey, US"
34005,Burlington,New Jersey,US,2020-04-08 22:51:58,39.87681124,-74.66927768,801,17,0,0,"Burlington, New Jersey, US"
34005,Burlington,New Jersey,US,2020-03-27 22:14:55,39.87681124,-74.66927768,88,0,0,0,"Burlington, New Jersey, US"
34005,Burlington,New Jersey,US,2020-04-07 23:04:49,39.87681124,-74.66927768,733,13,0,0,"Burlington, New Jersey, US"
34005,Burlington,New Jersey,US,2020-03-26 23:48:35,39.87681124,-74.66927768,64,0,0,0,"Burlington, New Jersey, US"
34005,Burlington,New Jersey,US,2020-04-09 23:02:37,39.87681124,-74.66927768,883,21,0,0,"Burlington, New Jersey, US"
34005,Burlington,New Jersey,US,3/28/20 23:05,39.87681124,-74.66927768,115,0,0,0,"Burlington, New Jersey, US"
34005,Burlington,New Jersey,US,4/6/20 23:22,39.87681124,-74.66927768,646,11,0,0,"Burlington, New Jersey, US"
34005,Burlington,New Jersey,US,3/22/20 23:45,39.87681124,-74.66927768,26,0,0,0,"Burlington, New Jersey, US"
34005,Burlington,New Jersey,US,2020-04-12 23:18:15,39.87681124,-74.66927768,1095,23,0,1072,"Burlington, New Jersey, US"
34005,Burlington,New Jersey,US,3/29/20 23:08,39.87681124,-74.66927768,142,2,0,0,"Burlington, New Jersey, US"
34005,Burlington,New Jersey,US,2020-04-10 22:54:07,39.87681124,-74.66927768,954,22,0,0,"Burlington, New Jersey, US"
34005,Burlington,New Jersey,US,3/30/20 22:52,39.87681124,-74.66927768,178,2,0,0,"Burlington, New Jersey, US"
34005,Burlington,New Jersey,US,2020-03-25 23:33:19,39.87681124,-74.66927768,48,0,0,0,"Burlington, New Jersey, US"
34005,Burlington,New Jersey,US,4/4/20 23:34,39.87681124,-74.66927768,469,10,0,0,"Burlington, New Jersey, US"
34005,Burlington,New Jersey,US,2020-04-11 22:45:33,39.87681124,-74.66927768,1031,22,0,0,"Burlington, New Jersey, US"
34005,Burlington,New Jersey,US,2020-04-05 23:06:45,39.87681124,-74.66927768,547,11,0,0,"Burlington, New Jersey, US"
34005,Burlington,New Jersey,US,2020-03-31 23:43:56,39.87681124,-74.66927768,202,0,0,0,"Burlington, New Jersey, US"
34005,Burlington,New Jersey,US,4/2/20 23:25,39.87681124,-74.66927768,294,8,0,0,"Burlington, New Jersey, US"
34005,Burlington,New Jersey,US,2020-03-23 23:19:34,39.87681124,-74.66927768,36,0,0,0,"Burlington, New Jersey, US"
34005,Burlington,New Jersey,US,2020-04-03 22:46:37,39.87681124,-74.66927768,367,9,0,0,"Burlington, New Jersey, US"
34005,Burlington,New Jersey,US,2020-03-24 23:37:31,39.87681124,-74.66927768,42,0,0,0,"Burlington, New Jersey, US"
34005,Burlington,New Jersey,US,2020-04-01 21:58:49,39.87681124,-74.66927768,255,5,0,0,"Burlington, New Jersey, US"
34007,Camden,New Jersey,US,2020-03-26 23:48:35,39.80343818,-74.96388753,73,1,0,0,"Camden, New Jersey, US"
34007,Camden,New Jersey,US,2020-03-24 23:37:31,39.80343818,-74.96388753,51,1,0,0,"Camden, New Jersey, US"
34007,Camden,New Jersey,US,2020-04-11 22:45:33,39.80343818,-74.96388753,1180,29,0,0,"Camden, New Jersey, US"
34007,Camden,New Jersey,US,2020-04-09 23:02:37,39.80343818,-74.96388753,990,23,0,0,"Camden, New Jersey, US"
34007,Camden,New Jersey,US,2020-03-27 22:14:55,39.80343818,-74.96388753,95,1,0,0,"Camden, New Jersey, US"
34007,Camden,New Jersey,US,2020-04-01 21:58:49,39.80343818,-74.96388753,289,3,0,0,"Camden, New Jersey, US"
34007,Camden,New Jersey,US,3/28/20 23:05,39.80343818,-74.96388753,123,1,0,0,"Camden, New Jersey, US"
34007,Camden,New Jersey,US,4/6/20 23:22,39.80343818,-74.96388753,645,8,0,0,"Camden, New Jersey, US"
34007,Camden,New Jersey,US,2020-03-23 23:19:34,39.80343818,-74.96388753,33,1,0,0,"Camden, New Jersey, US"
34007,Camden,New Jersey,US,2020-04-12 23:18:15,39.80343818,-74.96388753,1270,32,0,1238,"Camden, New Jersey, US"
34007,Camden,New Jersey,US,2020-04-07 23:04:49,39.80343818,-74.96388753,736,12,0,0,"Camden, New Jersey, US"
34007,Camden,New Jersey,US,4/2/20 23:25,39.80343818,-74.96388753,343,6,0,0,"Camden, New Jersey, US"
34007,Camden,New Jersey,US,3/22/20 23:45,39.80343818,-74.96388753,22,0,0,0,"Camden, New Jersey, US"
34007,Camden,New Jersey,US,3/30/20 22:52,39.80343818,-74.96388753,200,1,0,0,"Camden, New Jersey, US"
34007,Camden,New Jersey,US,2020-04-10 22:54:07,39.80343818,-74.96388753,1072,29,0,0,"Camden, New Jersey, US"
34007,Camden,New Jersey,US,3/29/20 23:08,39.80343818,-74.96388753,163,1,0,0,"Camden, New Jersey, US"
34007,Camden,New Jersey,US,2020-04-05 23:06:45,39.80343818,-74.96388753,556,8,0,0,"Camden, New Jersey, US"
34007,Camden,New Jersey,US,2020-04-08 22:51:58,39.80343818,-74.96388753,838,22,0,0,"Camden, New Jersey, US"
34007,Camden,New Jersey,US,2020-04-03 22:46:37,39.80343818,-74.96388753,406,7,0,0,"Camden, New Jersey, US"
34007,Camden,New Jersey,US,2020-03-25 23:33:19,39.80343818,-74.96388753,61,1,0,0,"Camden, New Jersey, US"
34007,Camden,New Jersey,US,4/4/20 23:34,39.80343818,-74.96388753,481,8,0,0,"Camden, New Jersey, US"
34007,Camden,New Jersey,US,2020-03-31 23:43:56,39.80343818,-74.96388753,228,3,0,0,"Camden, New Jersey, US"
34009,Cape May,New Jersey,US,2020-04-01 21:58:49,39.15008829,-74.80170244,22,0,0,0,"Cape May, New Jersey, US"
34009,Cape May,New Jersey,US,2020-04-12 23:18:15,39.15008829,-74.80170244,145,9,0,136,"Cape May, New Jersey, US"
34009,Cape May,New Jersey,US,2020-03-23 23:19:34,39.15008829,-74.80170244,2,0,0,0,"Cape May, New Jersey, US"
34009,Cape May,New Jersey,US,2020-04-03 22:46:37,39.15008829,-74.80170244,44,0,0,0,"Cape May, New Jersey, US"
34009,Cape May,New Jersey,US,2020-03-27 22:14:55,39.15008829,-74.80170244,7,0,0,0,"Cape May, New Jersey, US"
34009,Cape May,New Jersey,US,2020-04-07 23:04:49,39.15008829,-74.80170244,94,2,0,0,"Cape May, New Jersey, US"
34009,Cape May,New Jersey,US,4/2/20 23:25,39.15008829,-74.80170244,34,0,0,0,"Cape May, New Jersey, US"
34009,Cape May,New Jersey,US,3/22/20 23:45,39.15008829,-74.80170244,2,0,0,0,"Cape May, New Jersey, US"
34009,Cape May,New Jersey,US,2020-03-31 23:43:56,39.15008829,-74.80170244,12,0,0,0,"Cape May, New Jersey, US"
34009,Cape May,New Jersey,US,4/4/20 23:34,39.15008829,-74.80170244,50,0,0,0,"Cape May, New Jersey, US"
34009,Cape May,New Jersey,US,4/6/20 23:22,39.15008829,-74.80170244,85,3,0,0,"Cape May, New Jersey, US"
34009,Cape May,New Jersey,US,2020-04-05 23:06:45,39.15008829,-74.80170244,77,2,0,0,"Cape May, New Jersey, US"
34009,Cape May,New Jersey,US,3/29/20 23:08,39.15008829,-74.80170244,9,0,0,0,"Cape May, New Jersey, US"
34009,Cape May,New Jersey,US,3/30/20 22:52,39.15008829,-74.80170244,9,0,0,0,"Cape May, New Jersey, US"
34009,Cape May,New Jersey,US,2020-04-08 22:51:58,39.15008829,-74.80170244,100,3,0,0,"Cape May, New Jersey, US"
34009,Cape May,New Jersey,US,3/28/20 23:05,39.15008829,-74.80170244,7,0,0,0,"Cape May, New Jersey, US"
34009,Cape May,New Jersey,US,2020-03-26 23:48:35,39.15008829,-74.80170244,6,0,0,0,"Cape May, New Jersey, US"
34009,Cape May,New Jersey,US,2020-04-11 22:45:33,39.15008829,-74.80170244,129,5,0,0,"Cape May, New Jersey, US"
34009,Cape May,New Jersey,US,2020-04-09 23:02:37,39.15008829,-74.80170244,109,3,0,0,"Cape May, New Jersey, US"
34009,Cape May,New Jersey,US,2020-03-24 23:37:31,39.15008829,-74.80170244,3,0,0,0,"Cape May, New Jersey, US"
34009,Cape May,New Jersey,US,2020-03-25 23:33:19,39.15008829,-74.80170244,4,0,0,0,"Cape May, New Jersey, US"
34009,Cape May,New Jersey,US,2020-04-10 22:54:07,39.15008829,-74.80170244,116,5,0,0,"Cape May, New Jersey, US"
34011,Cumberland,New Jersey,US,4/6/20 23:22,39.37199394,-75.10712559,64,2,0,0,"Cumberland, New Jersey, US"
34011,Cumberland,New Jersey,US,2020-04-09 23:02:37,39.37199394,-75.10712559,111,3,0,0,"Cumberland, New Jersey, US"
34011,Cumberland,New Jersey,US,3/28/20 23:05,39.37199394,-75.10712559,11,0,0,0,"Cumberland, New Jersey, US"
34011,Cumberland,New Jersey,US,4/2/20 23:25,39.37199394,-75.10712559,31,1,0,0,"Cumberland, New Jersey, US"
34011,Cumberland,New Jersey,US,2020-04-11 22:45:33,39.37199394,-75.10712559,154,3,0,0,"Cumberland, New Jersey, US"
34011,Cumberland,New Jersey,US,2020-04-08 22:51:58,39.37199394,-75.10712559,80,2,0,0,"Cumberland, New Jersey, US"
34011,Cumberland,New Jersey,US,2020-04-12 23:18:15,39.37199394,-75.10712559,165,3,0,162,"Cumberland, New Jersey, US"
34011,Cumberland,New Jersey,US,4/4/20 23:34,39.37199394,-75.10712559,40,2,0,0,"Cumberland, New Jersey, US"
34011,Cumberland,New Jersey,US,2020-03-25 23:33:19,39.37199394,-75.10712559,3,0,0,0,"Cumberland, New Jersey, US"
34011,Cumberland,New Jersey,US,2020-04-10 22:54:07,39.37199394,-75.10712559,138,3,0,0,"Cumberland, New Jersey, US"
34011,Cumberland,New Jersey,US,3/30/20 22:52,39.37199394,-75.10712559,12,1,0,0,"Cumberland, New Jersey, US"
34011,Cumberland,New Jersey,US,2020-04-03 22:46:37,39.37199394,-75.10712559,36,1,0,0,"Cumberland, New Jersey, US"
34011,Cumberland,New Jersey,US,2020-03-31 23:43:56,39.37199394,-75.10712559,18,1,0,0,"Cumberland, New Jersey, US"
34011,Cumberland,New Jersey,US,2020-03-23 23:19:34,39.37199394,-75.10712559,1,0,0,0,"Cumberland, New Jersey, US"
34011,Cumberland,New Jersey,US,3/29/20 23:08,39.37199394,-75.10712559,11,0,0,0,"Cumberland, New Jersey, US"
34011,Cumberland,New Jersey,US,3/22/20 23:45,39.37199394,-75.10712559,1,0,0,0,"Cumberland, New Jersey, US"
34011,Cumberland,New Jersey,US,2020-04-05 23:06:45,39.37199394,-75.10712559,54,2,0,0,"Cumberland, New Jersey, US"
34011,Cumberland,New Jersey,US,2020-03-26 23:48:35,39.37199394,-75.10712559,4,0,0,0,"Cumberland, New Jersey, US"
34011,Cumberland,New Jersey,US,2020-03-27 22:14:55,39.37199394,-75.10712559,9,0,0,0,"Cumberland, New Jersey, US"
34011,Cumberland,New Jersey,US,2020-03-24 23:37:31,39.37199394,-75.10712559,2,0,0,0,"Cumberland, New Jersey, US"
34011,Cumberland,New Jersey,US,2020-04-07 23:04:49,39.37199394,-75.10712559,71,2,0,0,"Cumberland, New Jersey, US"
34011,Cumberland,New Jersey,US,2020-04-01 21:58:49,39.37199394,-75.10712559,27,1,0,0,"Cumberland, New Jersey, US"
34013,Essex,New Jersey,US,2020-03-27 22:14:55,40.78681335,-74.24657979,826,4,0,0,"Essex, New Jersey, US"
34013,Essex,New Jersey,US,3/29/20 23:08,40.78681335,-74.24657979,1227,13,0,0,"Essex, New Jersey, US"
34013,Essex,New Jersey,US,2020-03-25 23:33:19,40.78681335,-74.24657979,381,4,0,0,"Essex, New Jersey, US"
34013,Essex,New Jersey,US,2020-04-08 22:51:58,40.78681335,-74.24657979,5598,276,0,0,"Essex, New Jersey, US"
34013,Essex,New Jersey,US,4/4/20 23:34,40.78681335,-74.24657979,3584,155,0,0,"Essex, New Jersey, US"
34013,Essex,New Jersey,US,2020-03-23 23:19:34,40.78681335,-74.24657979,273,4,0,0,"Essex, New Jersey, US"
34013,Essex,New Jersey,US,2020-04-10 22:54:07,40.78681335,-74.24657979,6580,352,0,0,"Essex, New Jersey, US"
34013,Essex,New Jersey,US,2020-04-01 21:58:49,40.78681335,-74.24657979,2262,69,0,0,"Essex, New Jersey, US"
34013,Essex,New Jersey,US,3/30/20 22:52,40.78681335,-74.24657979,1564,13,0,0,"Essex, New Jersey, US"
34013,Essex,New Jersey,US,2020-04-03 22:46:37,40.78681335,-74.24657979,3067,118,0,0,"Essex, New Jersey, US"
34013,Essex,New Jersey,US,2020-03-31 23:43:56,40.78681335,-74.24657979,1900,4,0,0,"Essex, New Jersey, US"
34013,Essex,New Jersey,US,3/22/20 23:45,40.78681335,-74.24657979,172,4,0,0,"Essex, New Jersey, US"
34013,Essex,New Jersey,US,2020-04-05 23:06:45,40.78681335,-74.24657979,4082,172,0,0,"Essex, New Jersey, US"
34013,Essex,New Jersey,US,2020-04-12 23:18:15,40.78681335,-74.24657979,7410,428,0,6982,"Essex, New Jersey, US"
34013,Essex,New Jersey,US,2020-04-11 22:45:33,40.78681335,-74.24657979,7007,412,0,0,"Essex, New Jersey, US"
34013,Essex,New Jersey,US,4/2/20 23:25,40.78681335,-74.24657979,2617,99,0,0,"Essex, New Jersey, US"
34013,Essex,New Jersey,US,4/6/20 23:22,40.78681335,-74.24657979,4493,186,0,0,"Essex, New Jersey, US"
34013,Essex,New Jersey,US,2020-03-26 23:48:35,40.78681335,-74.24657979,609,4,0,0,"Essex, New Jersey, US"
34013,Essex,New Jersey,US,2020-03-24 23:37:31,40.78681335,-74.24657979,342,4,0,0,"Essex, New Jersey, US"
34013,Essex,New Jersey,US,2020-04-07 23:04:49,40.78681335,-74.24657979,5078,232,0,0,"Essex, New Jersey, US"
34013,Essex,New Jersey,US,3/28/20 23:05,40.78681335,-74.24657979,1086,7,0,0,"Essex, New Jersey, US"
34013,Essex,New Jersey,US,2020-04-09 23:02:37,40.78681335,-74.24657979,6069,321,0,0,"Essex, New Jersey, US"
34015,Gloucester,New Jersey,US,2020-04-12 23:18:15,39.71581067,-75.13995546,532,9,0,523,"Gloucester, New Jersey, US"
34015,Gloucester,New Jersey,US,2020-04-11 22:45:33,39.71581067,-75.13995546,487,9,0,0,"Gloucester, New Jersey, US"
34015,Gloucester,New Jersey,US,4/4/20 23:34,39.71581067,-75.13995546,215,3,0,0,"Gloucester, New Jersey, US"
34015,Gloucester,New Jersey,US,2020-03-25 23:33:19,39.71581067,-75.13995546,23,0,0,0,"Gloucester, New Jersey, US"
34015,Gloucester,New Jersey,US,3/28/20 23:05,39.71581067,-75.13995546,51,1,0,0,"Gloucester, New Jersey, US"
34015,Gloucester,New Jersey,US,3/22/20 23:45,39.71581067,-75.13995546,8,0,0,0,"Gloucester, New Jersey, US"
34015,Gloucester,New Jersey,US,2020-03-23 23:19:34,39.71581067,-75.13995546,13,0,0,0,"Gloucester, New Jersey, US"
34015,Gloucester,New Jersey,US,2020-04-10 22:54:07,39.71581067,-75.13995546,447,8,0,0,"Gloucester, New Jersey, US"
34015,Gloucester,New Jersey,US,2020-04-07 23:04:49,39.71581067,-75.13995546,311,5,0,0,"Gloucester, New Jersey, US"
34015,Gloucester,New Jersey,US,4/6/20 23:22,39.71581067,-75.13995546,279,3,0,0,"Gloucester, New Jersey, US"
34015,Gloucester,New Jersey,US,3/30/20 22:52,39.71581067,-75.13995546,89,1,0,0,"Gloucester, New Jersey, US"
34015,Gloucester,New Jersey,US,2020-03-26 23:48:35,39.71581067,-75.13995546,33,0,0,0,"Gloucester, New Jersey, US"
34015,Gloucester,New Jersey,US,4/2/20 23:25,39.71581067,-75.13995546,169,2,0,0,"Gloucester, New Jersey, US"
34015,Gloucester,New Jersey,US,2020-04-08 22:51:58,39.71581067,-75.13995546,340,7,0,0,"Gloucester, New Jersey, US"
34015,Gloucester,New Jersey,US,2020-04-05 23:06:45,39.71581067,-75.13995546,248,3,0,0,"Gloucester, New Jersey, US"
34015,Gloucester,New Jersey,US,2020-03-27 22:14:55,39.71581067,-75.13995546,40,0,0,0,"Gloucester, New Jersey, US"
34015,Gloucester,New Jersey,US,2020-03-31 23:43:56,39.71581067,-75.13995546,114,0,0,0,"Gloucester, New Jersey, US"
34015,Gloucester,New Jersey,US,2020-04-01 21:58:49,39.71581067,-75.13995546,149,2,0,0,"Gloucester, New Jersey, US"
34015,Gloucester,New Jersey,US,2020-03-24 23:37:31,39.71581067,-75.13995546,19,0,0,0,"Gloucester, New Jersey, US"
34015,Gloucester,New Jersey,US,2020-04-03 22:46:37,39.71581067,-75.13995546,183,3,0,0,"Gloucester, New Jersey, US"
34015,Gloucester,New Jersey,US,3/29/20 23:08,39.71581067,-75.13995546,72,1,0,0,"Gloucester, New Jersey, US"
34015,Gloucester,New Jersey,US,2020-04-09 23:02:37,39.71581067,-75.13995546,413,8,0,0,"Gloucester, New Jersey, US"
34017,Hudson,New Jersey,US,2020-04-12 23:18:15,40.73766234,-74.07515667,7469,226,0,7243,"Hudson, New Jersey, US"
34017,Hudson,New Jersey,US,4/6/20 23:22,40.73766234,-74.07515667,4395,92,0,0,"Hudson, New Jersey, US"
34017,Hudson,New Jersey,US,2020-04-01 21:58:49,40.73766234,-74.07515667,1910,29,0,0,"Hudson, New Jersey, US"
34017,Hudson,New Jersey,US,2020-03-31 23:43:56,40.73766234,-74.07515667,1606,2,0,0,"Hudson, New Jersey, US"
34017,Hudson,New Jersey,US,2020-04-10 22:54:07,40.73766234,-74.07515667,6411,163,0,0,"Hudson, New Jersey, US"
34017,Hudson,New Jersey,US,2020-04-08 22:51:58,40.73766234,-74.07515667,5437,122,0,0,"Hudson, New Jersey, US"
34017,Hudson,New Jersey,US,2020-04-03 22:46:37,40.73766234,-74.07515667,2835,59,0,0,"Hudson, New Jersey, US"
34017,Hudson,New Jersey,US,2020-03-27 22:14:55,40.73766234,-74.07515667,594,2,0,0,"Hudson, New Jersey, US"
34017,Hudson,New Jersey,US,2020-03-26 23:48:35,40.73766234,-74.07515667,441,1,0,0,"Hudson, New Jersey, US"
34017,Hudson,New Jersey,US,2020-03-25 23:33:19,40.73766234,-74.07515667,260,1,0,0,"Hudson, New Jersey, US"
34017,Hudson,New Jersey,US,2020-04-07 23:04:49,40.73766234,-74.07515667,4949,103,0,0,"Hudson, New Jersey, US"
34017,Hudson,New Jersey,US,2020-03-24 23:37:31,40.73766234,-74.07515667,234,1,0,0,"Hudson, New Jersey, US"
34017,Hudson,New Jersey,US,4/2/20 23:25,40.73766234,-74.07515667,2270,44,0,0,"Hudson, New Jersey, US"
34017,Hudson,New Jersey,US,4/4/20 23:34,40.73766234,-74.07515667,3491,78,0,0,"Hudson, New Jersey, US"
34017,Hudson,New Jersey,US,2020-04-11 22:45:33,40.73766234,-74.07515667,6851,183,0,0,"Hudson, New Jersey, US"
34017,Hudson,New Jersey,US,3/28/20 23:05,40.73766234,-74.07515667,771,4,0,0,"Hudson, New Jersey, US"
34017,Hudson,New Jersey,US,3/29/20 23:08,40.73766234,-74.07515667,974,6,0,0,"Hudson, New Jersey, US"
34017,Hudson,New Jersey,US,3/30/20 22:52,40.73766234,-74.07515667,1314,7,0,0,"Hudson, New Jersey, US"
34017,Hudson,New Jersey,US,2020-04-05 23:06:45,40.73766234,-74.07515667,3924,87,0,0,"Hudson, New Jersey, US"
34017,Hudson,New Jersey,US,3/22/20 23:45,40.73766234,-74.07515667,126,1,0,0,"Hudson, New Jersey, US"
34017,Hudson,New Jersey,US,2020-03-23 23:19:34,40.73766234,-74.07515667,190,1,0,0,"Hudson, New Jersey, US"
34017,Hudson,New Jersey,US,2020-04-09 23:02:37,40.73766234,-74.07515667,5879,132,0,0,"Hudson, New Jersey, US"
34019,Hunterdon,New Jersey,US,2020-03-31 23:43:56,40.56335249,-74.91284156,97,0,0,0,"Hunterdon, New Jersey, US"
34019,Hunterdon,New Jersey,US,2020-04-12 23:18:15,40.56335249,-74.91284156,314,11,0,303,"Hunterdon, New Jersey, US"
34019,Hunterdon,New Jersey,US,2020-04-11 22:45:33,40.56335249,-74.91284156,301,11,0,0,"Hunterdon, New Jersey, US"
34019,Hunterdon,New Jersey,US,4/2/20 23:25,40.56335249,-74.91284156,130,0,0,0,"Hunterdon, New Jersey, US"
34019,Hunterdon,New Jersey,US,2020-03-24 23:37:31,40.56335249,-74.91284156,25,0,0,0,"Hunterdon, New Jersey, US"
34019,Hunterdon,New Jersey,US,3/22/20 23:45,40.56335249,-74.91284156,16,0,0,0,"Hunterdon, New Jersey, US"
34019,Hunterdon,New Jersey,US,2020-04-10 22:54:07,40.56335249,-74.91284156,293,7,0,0,"Hunterdon, New Jersey, US"
34019,Hunterdon,New Jersey,US,2020-04-08 22:51:58,40.56335249,-74.91284156,255,2,0,0,"Hunterdon, New Jersey, US"
34019,Hunterdon,New Jersey,US,2020-04-07 23:04:49,40.56335249,-74.91284156,234,2,0,0,"Hunterdon, New Jersey, US"
34019,Hunterdon,New Jersey,US,2020-03-26 23:48:35,40.56335249,-74.91284156,39,0,0,0,"Hunterdon, New Jersey, US"
34019,Hunterdon,New Jersey,US,2020-03-27 22:14:55,40.56335249,-74.91284156,52,0,0,0,"Hunterdon, New Jersey, US"
34019,Hunterdon,New Jersey,US,4/6/20 23:22,40.56335249,-74.91284156,211,2,0,0,"Hunterdon, New Jersey, US"
34019,Hunterdon,New Jersey,US,2020-04-01 21:58:49,40.56335249,-74.91284156,117,0,0,0,"Hunterdon, New Jersey, US"
34019,Hunterdon,New Jersey,US,2020-04-09 23:02:37,40.56335249,-74.91284156,286,4,0,0,"Hunterdon, New Jersey, US"
34019,Hunterdon,New Jersey,US,2020-04-05 23:06:45,40.56335249,-74.91284156,189,2,0,0,"Hunterdon, New Jersey, US"
34019,Hunterdon,New Jersey,US,3/28/20 23:05,40.56335249,-74.91284156,61,0,0,0,"Hunterdon, New Jersey, US"
34019,Hunterdon,New Jersey,US,4/4/20 23:34,40.56335249,-74.91284156,171,1,0,0,"Hunterdon, New Jersey, US"
34019,Hunterdon,New Jersey,US,2020-04-03 22:46:37,40.56335249,-74.91284156,148,0,0,0,"Hunterdon, New Jersey, US"
34019,Hunterdon,New Jersey,US,2020-03-25 23:33:19,40.56335249,-74.91284156,25,0,0,0,"Hunterdon, New Jersey, US"
34019,Hunterdon,New Jersey,US,3/29/20 23:08,40.56335249,-74.91284156,66,0,0,0,"Hunterdon, New Jersey, US"
34019,Hunterdon,New Jersey,US,2020-03-23 23:19:34,40.56335249,-74.91284156,18,0,0,0,"Hunterdon, New Jersey, US"
34019,Hunterdon,New Jersey,US,3/30/20 22:52,40.56335249,-74.91284156,79,0,0,0,"Hunterdon, New Jersey, US"
34021,Mercer,New Jersey,US,2020-04-08 22:51:58,40.28047017,-74.70479631,992,28,0,0,"Mercer, New Jersey, US"
34021,Mercer,New Jersey,US,2020-04-07 23:04:49,40.28047017,-74.70479631,837,24,0,0,"Mercer, New Jersey, US"
34021,Mercer,New Jersey,US,2020-04-03 22:46:37,40.28047017,-74.70479631,484,5,0,0,"Mercer, New Jersey, US"
34021,Mercer,New Jersey,US,2020-04-11 22:45:33,40.28047017,-74.70479631,1434,49,0,0,"Mercer, New Jersey, US"
34021,Mercer,New Jersey,US,2020-04-05 23:06:45,40.28047017,-74.70479631,654,16,0,0,"Mercer, New Jersey, US"
34021,Mercer,New Jersey,US,4/6/20 23:22,40.28047017,-74.70479631,740,19,0,0,"Mercer, New Jersey, US"
34021,Mercer,New Jersey,US,4/4/20 23:34,40.28047017,-74.70479631,586,13,0,0,"Mercer, New Jersey, US"
34021,Mercer,New Jersey,US,2020-04-10 22:54:07,40.28047017,-74.70479631,1282,39,0,0,"Mercer, New Jersey, US"
34021,Mercer,New Jersey,US,2020-04-09 23:02:37,40.28047017,-74.70479631,1161,36,0,0,"Mercer, New Jersey, US"
34021,Mercer,New Jersey,US,3/22/20 23:45,40.28047017,-74.70479631,40,0,0,0,"Mercer, New Jersey, US"
34021,Mercer,New Jersey,US,4/2/20 23:25,40.28047017,-74.70479631,386,4,0,0,"Mercer, New Jersey, US"
34021,Mercer,New Jersey,US,2020-04-01 21:58:49,40.28047017,-74.70479631,333,3,0,0,"Mercer, New Jersey, US"
34021,Mercer,New Jersey,US,2020-03-23 23:19:34,40.28047017,-74.70479631,50,0,0,0,"Mercer, New Jersey, US"
34021,Mercer,New Jersey,US,3/28/20 23:05,40.28047017,-74.70479631,168,0,0,0,"Mercer, New Jersey, US"
34021,Mercer,New Jersey,US,2020-03-26 23:48:35,40.28047017,-74.70479631,111,0,0,0,"Mercer, New Jersey, US"
34021,Mercer,New Jersey,US,3/29/20 23:08,40.28047017,-74.70479631,202,0,0,0,"Mercer, New Jersey, US"
34021,Mercer,New Jersey,US,2020-04-12 23:18:15,40.28047017,-74.70479631,1567,50,0,1517,"Mercer, New Jersey, US"
34021,Mercer,New Jersey,US,2020-03-25 23:33:19,40.28047017,-74.70479631,82,0,0,0,"Mercer, New Jersey, US"
34021,Mercer,New Jersey,US,3/30/20 22:52,40.28047017,-74.70479631,249,0,0,0,"Mercer, New Jersey, US"
34021,Mercer,New Jersey,US,2020-03-24 23:37:31,40.28047017,-74.70479631,58,0,0,0,"Mercer, New Jersey, US"
34021,Mercer,New Jersey,US,2020-03-31 23:43:56,40.28047017,-74.70479631,268,0,0,0,"Mercer, New Jersey, US"
34021,Mercer,New Jersey,US,2020-03-27 22:14:55,40.28047017,-74.70479631,131,0,0,0,"Mercer, New Jersey, US"
34023,Middlesex,New Jersey,US,2020-03-31 23:43:56,40.43629879,-74.41426991,1277,0,0,0,"Middlesex, New Jersey, US"
34023,Middlesex,New Jersey,US,2020-04-08 22:51:58,40.43629879,-74.41426991,4156,139,0,0,"Middlesex, New Jersey, US"
34023,Middlesex,New Jersey,US,2020-04-03 22:46:37,40.43629879,-74.41426991,2125,56,0,0,"Middlesex, New Jersey, US"
34023,Middlesex,New Jersey,US,2020-04-12 23:18:15,40.43629879,-74.41426991,5693,193,0,5500,"Middlesex, New Jersey, US"
34023,Middlesex,New Jersey,US,2020-03-26 23:48:35,40.43629879,-74.41426991,505,0,0,0,"Middlesex, New Jersey, US"
34023,Middlesex,New Jersey,US,3/22/20 23:45,40.43629879,-74.41426991,147,0,0,0,"Middlesex, New Jersey, US"
34023,Middlesex,New Jersey,US,2020-04-10 22:54:07,40.43629879,-74.41426991,5060,168,0,0,"Middlesex, New Jersey, US"
34023,Middlesex,New Jersey,US,2020-04-05 23:06:45,40.43629879,-74.41426991,2950,80,0,0,"Middlesex, New Jersey, US"
34023,Middlesex,New Jersey,US,3/28/20 23:05,40.43629879,-74.41426991,808,4,0,0,"Middlesex, New Jersey, US"
34023,Middlesex,New Jersey,US,4/4/20 23:34,40.43629879,-74.41426991,2578,76,0,0,"Middlesex, New Jersey, US"
34023,Middlesex,New Jersey,US,3/29/20 23:08,40.43629879,-74.41426991,938,12,0,0,"Middlesex, New Jersey, US"
34023,Middlesex,New Jersey,US,2020-03-25 23:33:19,40.43629879,-74.41426991,316,0,0,0,"Middlesex, New Jersey, US"
34023,Middlesex,New Jersey,US,2020-03-24 23:37:31,40.43629879,-74.41426991,277,0,0,0,"Middlesex, New Jersey, US"
34023,Middlesex,New Jersey,US,2020-03-23 23:19:34,40.43629879,-74.41426991,210,0,0,0,"Middlesex, New Jersey, US"
34023,Middlesex,New Jersey,US,4/6/20 23:22,40.43629879,-74.41426991,3263,87,0,0,"Middlesex, New Jersey, US"
34023,Middlesex,New Jersey,US,2020-03-27 22:14:55,40.43629879,-74.41426991,640,0,0,0,"Middlesex, New Jersey, US"
34023,Middlesex,New Jersey,US,2020-04-01 21:58:49,40.43629879,-74.41426991,1493,27,0,0,"Middlesex, New Jersey, US"
34023,Middlesex,New Jersey,US,2020-04-09 23:02:37,40.43629879,-74.41426991,4628,152,0,0,"Middlesex, New Jersey, US"
34023,Middlesex,New Jersey,US,3/30/20 22:52,40.43629879,-74.41426991,1123,12,0,0,"Middlesex, New Jersey, US"
34023,Middlesex,New Jersey,US,4/2/20 23:25,40.43629879,-74.41426991,1766,48,0,0,"Middlesex, New Jersey, US"
34023,Middlesex,New Jersey,US,2020-04-11 22:45:33,40.43629879,-74.41426991,5406,177,0,0,"Middlesex, New Jersey, US"
34023,Middlesex,New Jersey,US,2020-04-07 23:04:49,40.43629879,-74.41426991,3717,100,0,0,"Middlesex, New Jersey, US"
34025,Monmouth,New Jersey,US,4/4/20 23:34,40.26549699,-74.22240686,2065,54,0,0,"Monmouth, New Jersey, US"
34025,Monmouth,New Jersey,US,3/29/20 23:08,40.26549699,-74.22240686,870,8,0,0,"Monmouth, New Jersey, US"
34025,Monmouth,New Jersey,US,2020-04-12 23:18:15,40.26549699,-74.22240686,3785,123,0,3662,"Monmouth, New Jersey, US"
34025,Monmouth,New Jersey,US,2020-04-03 22:46:37,40.26549699,-74.22240686,1743,48,0,0,"Monmouth, New Jersey, US"
34025,Monmouth,New Jersey,US,2020-04-08 22:51:58,40.26549699,-74.22240686,3038,86,0,0,"Monmouth, New Jersey, US"
34025,Monmouth,New Jersey,US,3/30/20 22:52,40.26549699,-74.22240686,1030,8,0,0,"Monmouth, New Jersey, US"
34025,Monmouth,New Jersey,US,2020-04-09 23:02:37,40.26549699,-74.22240686,3248,98,0,0,"Monmouth, New Jersey, US"
34025,Monmouth,New Jersey,US,2020-04-01 21:58:49,40.26549699,-74.22240686,1301,24,0,0,"Monmouth, New Jersey, US"
34025,Monmouth,New Jersey,US,2020-03-31 23:43:56,40.26549699,-74.22240686,1140,2,0,0,"Monmouth, New Jersey, US"
34025,Monmouth,New Jersey,US,2020-04-05 23:06:45,40.26549699,-74.22240686,2354,58,0,0,"Monmouth, New Jersey, US"
34025,Monmouth,New Jersey,US,2020-03-27 22:14:55,40.26549699,-74.22240686,634,3,0,0,"Monmouth, New Jersey, US"
34025,Monmouth,New Jersey,US,2020-04-07 23:04:49,40.26549699,-74.22240686,2770,71,0,0,"Monmouth, New Jersey, US"
34025,Monmouth,New Jersey,US,2020-04-11 22:45:33,40.26549699,-74.22240686,3651,115,0,0,"Monmouth, New Jersey, US"
34025,Monmouth,New Jersey,US,2020-03-24 23:37:31,40.26549699,-74.22240686,288,3,0,0,"Monmouth, New Jersey, US"
34025,Monmouth,New Jersey,US,4/6/20 23:22,40.26549699,-74.22240686,2545,62,0,0,"Monmouth, New Jersey, US"
34025,Monmouth,New Jersey,US,2020-03-25 23:33:19,40.26549699,-74.22240686,313,3,0,0,"Monmouth, New Jersey, US"
34025,Monmouth,New Jersey,US,3/22/20 23:45,40.26549699,-74.22240686,158,3,0,0,"Monmouth, New Jersey, US"
34025,Monmouth,New Jersey,US,4/2/20 23:25,40.26549699,-74.22240686,1458,38,0,0,"Monmouth, New Jersey, US"
34025,Monmouth,New Jersey,US,2020-03-23 23:19:34,40.26549699,-74.22240686,238,3,0,0,"Monmouth, New Jersey, US"
34025,Monmouth,New Jersey,US,2020-03-26 23:48:35,40.26549699,-74.22240686,501,3,0,0,"Monmouth, New Jersey, US"
34025,Monmouth,New Jersey,US,2020-04-10 22:54:07,40.26549699,-74.22240686,3496,107,0,0,"Monmouth, New Jersey, US"
34025,Monmouth,New Jersey,US,3/28/20 23:05,40.26549699,-74.22240686,781,6,0,0,"Monmouth, New Jersey, US"
34027,Morris,New Jersey,US,3/28/20 23:05,40.86095313,-74.5455371,442,3,0,0,"Morris, New Jersey, US"
34027,Morris,New Jersey,US,2020-04-12 23:18:15,40.86095313,-74.54553709999998,3099,162,0,2937,"Morris, New Jersey, US"
34027,Morris,New Jersey,US,2020-04-08 22:51:58,40.86095313,-74.54553709999998,2468,102,0,0,"Morris, New Jersey, US"
34027,Morris,New Jersey,US,4/6/20 23:22,40.86095313,-74.5455371,1956,60,0,0,"Morris, New Jersey, US"
34027,Morris,New Jersey,US,3/22/20 23:45,40.86095313,-74.5455371,119,1,0,0,"Morris, New Jersey, US"
34027,Morris,New Jersey,US,2020-03-26 23:48:35,40.86095313,-74.54553709999998,315,1,0,0,"Morris, New Jersey, US"
34027,Morris,New Jersey,US,2020-04-07 23:04:49,40.86095313,-74.54553709999998,2239,87,0,0,"Morris, New Jersey, US"
34027,Morris,New Jersey,US,4/4/20 23:34,40.86095313,-74.5455371,1618,51,0,0,"Morris, New Jersey, US"
34027,Morris,New Jersey,US,2020-03-27 22:14:55,40.86095313,-74.54553709999998,391,1,0,0,"Morris, New Jersey, US"
34027,Morris,New Jersey,US,2020-04-05 23:06:45,40.86095313,-74.54553709999998,1800,55,0,0,"Morris, New Jersey, US"
34027,Morris,New Jersey,US,3/29/20 23:08,40.86095313,-74.5455371,566,8,0,0,"Morris, New Jersey, US"
34027,Morris,New Jersey,US,2020-03-23 23:19:34,40.86095313,-74.54553709999998,177,1,0,0,"Morris, New Jersey, US"
34027,Morris,New Jersey,US,2020-04-03 22:46:37,40.86095313,-74.54553709999998,1298,43,0,0,"Morris, New Jersey, US"
34027,Morris,New Jersey,US,2020-04-09 23:02:37,40.86095313,-74.54553709999998,2645,117,0,0,"Morris, New Jersey, US"
34027,Morris,New Jersey,US,2020-04-01 21:58:49,40.86095313,-74.54553709999998,942,25,0,0,"Morris, New Jersey, US"
34027,Morris,New Jersey,US,4/2/20 23:25,40.86095313,-74.5455371,1082,40,0,0,"Morris, New Jersey, US"
34027,Morris,New Jersey,US,2020-03-31 23:43:56,40.86095313,-74.54553709999998,841,1,0,0,"Morris, New Jersey, US"
34027,Morris,New Jersey,US,2020-03-25 23:33:19,40.86095313,-74.54553709999998,223,1,0,0,"Morris, New Jersey, US"
34027,Morris,New Jersey,US,3/30/20 22:52,40.86095313,-74.5455371,720,8,0,0,"Morris, New Jersey, US"
34027,Morris,New Jersey,US,2020-04-11 22:45:33,40.86095313,-74.54553709999998,2925,152,0,0,"Morris, New Jersey, US"
34027,Morris,New Jersey,US,2020-04-10 22:54:07,40.86095313,-74.54553709999998,2771,135,0,0,"Morris, New Jersey, US"
34027,Morris,New Jersey,US,2020-03-24 23:37:31,40.86095313,-74.54553709999998,204,1,0,0,"Morris, New Jersey, US"
34029,Ocean,New Jersey,US,2020-04-07 23:04:49,39.8895449,-74.28089251,2641,85,0,0,"Ocean, New Jersey, US"
34029,Ocean,New Jersey,US,2020-04-05 23:06:45,39.8895449,-74.28089251,2177,62,0,0,"Ocean, New Jersey, US"
34029,Ocean,New Jersey,US,3/30/20 22:52,39.8895449,-74.28089251,874,6,0,0,"Ocean, New Jersey, US"
34029,Ocean,New Jersey,US,2020-03-26 23:48:35,39.8895449,-74.28089251,389,1,0,0,"Ocean, New Jersey, US"
34029,Ocean,New Jersey,US,3/28/20 23:05,39.8895449,-74.28089251,624,4,0,0,"Ocean, New Jersey, US"
34029,Ocean,New Jersey,US,2020-03-24 23:37:31,39.8895449,-74.28089251,180,1,0,0,"Ocean, New Jersey, US"
34029,Ocean,New Jersey,US,4/2/20 23:25,39.8895449,-74.28089251,1371,38,0,0,"Ocean, New Jersey, US"
34029,Ocean,New Jersey,US,2020-03-31 23:43:56,39.8895449,-74.28089251,1022,1,0,0,"Ocean, New Jersey, US"
34029,Ocean,New Jersey,US,2020-04-10 22:54:07,39.8895449,-74.28089251,3269,121,0,0,"Ocean, New Jersey, US"
34029,Ocean,New Jersey,US,4/6/20 23:22,39.8895449,-74.28089251,2374,71,0,0,"Ocean, New Jersey, US"
34029,Ocean,New Jersey,US,3/22/20 23:45,39.8895449,-74.28089251,102,1,0,0,"Ocean, New Jersey, US"
34029,Ocean,New Jersey,US,2020-04-03 22:46:37,39.8895449,-74.28089251,1685,45,0,0,"Ocean, New Jersey, US"
34029,Ocean,New Jersey,US,2020-04-08 22:51:58,39.8895449,-74.28089251,2856,101,0,0,"Ocean, New Jersey, US"
34029,Ocean,New Jersey,US,2020-04-11 22:45:33,39.8895449,-74.28089251,3403,132,0,0,"Ocean, New Jersey, US"
34029,Ocean,New Jersey,US,4/4/20 23:34,39.8895449,-74.28089251,2003,56,0,0,"Ocean, New Jersey, US"
34029,Ocean,New Jersey,US,2020-03-25 23:33:19,39.8895449,-74.28089251,222,1,0,0,"Ocean, New Jersey, US"
34029,Ocean,New Jersey,US,2020-04-01 21:58:49,39.8895449,-74.28089251,1209,23,0,0,"Ocean, New Jersey, US"
34029,Ocean,New Jersey,US,2020-03-27 22:14:55,39.8895449,-74.28089251,484,1,0,0,"Ocean, New Jersey, US"
34029,Ocean,New Jersey,US,2020-04-12 23:18:15,39.8895449,-74.28089251,3554,138,0,3416,"Ocean, New Jersey, US"
34029,Ocean,New Jersey,US,3/29/20 23:08,39.8895449,-74.28089251,759,6,0,0,"Ocean, New Jersey, US"
34029,Ocean,New Jersey,US,2020-04-09 23:02:37,39.8895449,-74.28089251,3093,119,0,0,"Ocean, New Jersey, US"
34029,Ocean,New Jersey,US,2020-03-23 23:19:34,39.8895449,-74.28089251,144,1,0,0,"Ocean, New Jersey, US"
34031,Passaic,New Jersey,US,3/22/20 23:45,41.03238628,-74.29954144,95,0,0,0,"Passaic, New Jersey, US"
34031,Passaic,New Jersey,US,2020-04-01 21:58:49,41.03238628,-74.29954144,1494,15,0,0,"Passaic, New Jersey, US"
34031,Passaic,New Jersey,US,4/6/20 23:22,41.03238628,-74.29954144,3756,53,0,0,"Passaic, New Jersey, US"
34031,Passaic,New Jersey,US,2020-03-27 22:14:55,41.03238628,-74.29954144,484,7,0,0,"Passaic, New Jersey, US"
34031,Passaic,New Jersey,US,2020-04-12 23:18:15,41.03238628,-74.29954144,5590,131,0,5459,"Passaic, New Jersey, US"
34031,Passaic,New Jersey,US,2020-04-07 23:04:49,41.03238628,-74.29954144,4104,62,0,0,"Passaic, New Jersey, US"
34031,Passaic,New Jersey,US,2020-04-11 22:45:33,41.03238628,-74.29954144,5295,119,0,0,"Passaic, New Jersey, US"
34031,Passaic,New Jersey,US,2020-03-24 23:37:31,41.03238628,-74.29954144,216,0,0,0,"Passaic, New Jersey, US"
34031,Passaic,New Jersey,US,2020-03-25 23:33:19,41.03238628,-74.29954144,255,0,0,0,"Passaic, New Jersey, US"
34031,Passaic,New Jersey,US,3/28/20 23:05,41.03238628,-74.29954144,608,7,0,0,"Passaic, New Jersey, US"
34031,Passaic,New Jersey,US,2020-03-31 23:43:56,41.03238628,-74.29954144,1294,1,0,0,"Passaic, New Jersey, US"
34031,Passaic,New Jersey,US,4/4/20 23:34,41.03238628,-74.29954144,2856,38,0,0,"Passaic, New Jersey, US"
34031,Passaic,New Jersey,US,2020-03-23 23:19:34,41.03238628,-74.29954144,141,0,0,0,"Passaic, New Jersey, US"
34031,Passaic,New Jersey,US,2020-04-09 23:02:37,41.03238628,-74.29954144,4690,82,0,0,"Passaic, New Jersey, US"
34031,Passaic,New Jersey,US,2020-04-03 22:46:37,41.03238628,-74.29954144,2216,34,0,0,"Passaic, New Jersey, US"
34031,Passaic,New Jersey,US,2020-04-08 22:51:58,41.03238628,-74.29954144,4372,71,0,0,"Passaic, New Jersey, US"
34031,Passaic,New Jersey,US,2020-04-05 23:06:45,41.03238628,-74.29954144,3227,42,0,0,"Passaic, New Jersey, US"
34031,Passaic,New Jersey,US,3/30/20 22:52,41.03238628,-74.29954144,1091,10,0,0,"Passaic, New Jersey, US"
34031,Passaic,New Jersey,US,2020-04-10 22:54:07,41.03238628,-74.29954144,5017,101,0,0,"Passaic, New Jersey, US"
34031,Passaic,New Jersey,US,2020-03-26 23:48:35,41.03238628,-74.29954144,399,0,0,0,"Passaic, New Jersey, US"
34031,Passaic,New Jersey,US,4/2/20 23:25,41.03238628,-74.29954144,1750,22,0,0,"Passaic, New Jersey, US"
34031,Passaic,New Jersey,US,3/29/20 23:08,41.03238628,-74.29954144,831,10,0,0,"Passaic, New Jersey, US"
34033,Salem,New Jersey,US,2020-03-23 23:19:34,39.58719656,-75.34696629999998,1,0,0,0,"Salem, New Jersey, US"
34033,Salem,New Jersey,US,2020-03-26 23:48:35,39.58719656,-75.34696629999998,2,0,0,0,"Salem, New Jersey, US"
34033,Salem,New Jersey,US,2020-03-25 23:33:19,39.58719656,-75.34696629999998,1,0,0,0,"Salem, New Jersey, US"
34033,Salem,New Jersey,US,2020-04-09 23:02:37,39.58719656,-75.34696629999998,43,3,0,0,"Salem, New Jersey, US"
34033,Salem,New Jersey,US,2020-04-10 22:54:07,39.58719656,-75.34696629999998,46,3,0,0,"Salem, New Jersey, US"
34033,Salem,New Jersey,US,2020-04-08 22:51:58,39.58719656,-75.34696629999998,36,3,0,0,"Salem, New Jersey, US"
34033,Salem,New Jersey,US,2020-04-11 22:45:33,39.58719656,-75.34696629999998,56,3,0,0,"Salem, New Jersey, US"
34033,Salem,New Jersey,US,2020-04-12 23:18:15,39.58719656,-75.34696629999998,61,4,0,57,"Salem, New Jersey, US"
34033,Salem,New Jersey,US,2020-03-24 23:37:31,39.58719656,-75.34696629999998,1,0,0,0,"Salem, New Jersey, US"
34033,Salem,New Jersey,US,2020-04-07 23:04:49,39.58719656,-75.34696629999998,31,3,0,0,"Salem, New Jersey, US"
34033,Salem,New Jersey,US,4/6/20 23:22,39.58719656,-75.3469663,29,2,0,0,"Salem, New Jersey, US"
34033,Salem,New Jersey,US,2020-03-27 22:14:55,39.58719656,-75.34696629999998,3,0,0,0,"Salem, New Jersey, US"
34033,Salem,New Jersey,US,4/4/20 23:34,39.58719656,-75.3469663,25,2,0,0,"Salem, New Jersey, US"
34033,Salem,New Jersey,US,2020-04-03 22:46:37,39.58719656,-75.34696629999998,25,2,0,0,"Salem, New Jersey, US"
34033,Salem,New Jersey,US,3/30/20 22:52,39.58719656,-75.3469663,3,0,0,0,"Salem, New Jersey, US"
34033,Salem,New Jersey,US,3/28/20 23:05,39.58719656,-75.3469663,3,0,0,0,"Salem, New Jersey, US"
34033,Salem,New Jersey,US,3/29/20 23:08,39.58719656,-75.3469663,3,0,0,0,"Salem, New Jersey, US"
34033,Salem,New Jersey,US,4/2/20 23:25,39.58719656,-75.3469663,20,1,0,0,"Salem, New Jersey, US"
34033,Salem,New Jersey,US,2020-03-31 23:43:56,39.58719656,-75.34696629999998,12,0,0,0,"Salem, New Jersey, US"
34033,Salem,New Jersey,US,3/22/20 23:45,39.58719656,-75.3469663,1,0,0,0,"Salem, New Jersey, US"
34033,Salem,New Jersey,US,2020-04-05 23:06:45,39.58719656,-75.34696629999998,26,2,0,0,"Salem, New Jersey, US"
34033,Salem,New Jersey,US,2020-04-01 21:58:49,39.58719656,-75.34696629999998,19,1,0,0,"Salem, New Jersey, US"
34035,Somerset,New Jersey,US,2020-04-12 23:18:15,40.56465737,-74.61683016,1732,79,0,1653,"Somerset, New Jersey, US"
34035,Somerset,New Jersey,US,2020-03-25 23:33:19,40.56465737,-74.61683016,117,1,0,0,"Somerset, New Jersey, US"
34035,Somerset,New Jersey,US,3/22/20 23:45,40.56465737,-74.61683016,51,0,0,0,"Somerset, New Jersey, US"
34035,Somerset,New Jersey,US,2020-04-09 23:02:37,40.56465737,-74.61683016,1335,59,0,0,"Somerset, New Jersey, US"
34035,Somerset,New Jersey,US,2020-03-27 22:14:55,40.56465737,-74.61683016,222,1,0,0,"Somerset, New Jersey, US"
34035,Somerset,New Jersey,US,4/4/20 23:34,40.56465737,-74.61683016,765,24,0,0,"Somerset, New Jersey, US"
34035,Somerset,New Jersey,US,2020-04-03 22:46:37,40.56465737,-74.61683016,641,23,0,0,"Somerset, New Jersey, US"
34035,Somerset,New Jersey,US,2020-04-11 22:45:33,40.56465737,-74.61683016,1642,78,0,0,"Somerset, New Jersey, US"
34035,Somerset,New Jersey,US,3/30/20 22:52,40.56465737,-74.61683016,349,6,0,0,"Somerset, New Jersey, US"
34035,Somerset,New Jersey,US,2020-04-08 22:51:58,40.56465737,-74.61683016,1160,46,0,0,"Somerset, New Jersey, US"
34035,Somerset,New Jersey,US,2020-03-23 23:19:34,40.56465737,-74.61683016,67,1,0,0,"Somerset, New Jersey, US"
34035,Somerset,New Jersey,US,3/28/20 23:05,40.56465737,-74.61683016,258,4,0,0,"Somerset, New Jersey, US"
34035,Somerset,New Jersey,US,3/29/20 23:08,40.56465737,-74.61683016,295,6,0,0,"Somerset, New Jersey, US"
34035,Somerset,New Jersey,US,2020-04-05 23:06:45,40.56465737,-74.61683016,833,26,0,0,"Somerset, New Jersey, US"
34035,Somerset,New Jersey,US,4/2/20 23:25,40.56465737,-74.61683016,549,17,0,0,"Somerset, New Jersey, US"
34035,Somerset,New Jersey,US,2020-03-31 23:43:56,40.56465737,-74.61683016,413,1,0,0,"Somerset, New Jersey, US"
34035,Somerset,New Jersey,US,2020-04-07 23:04:49,40.56465737,-74.61683016,1033,40,0,0,"Somerset, New Jersey, US"
34035,Somerset,New Jersey,US,2020-04-10 22:54:07,40.56465737,-74.61683016,1523,69,0,0,"Somerset, New Jersey, US"
34035,Somerset,New Jersey,US,2020-04-01 21:58:49,40.56465737,-74.61683016,472,15,0,0,"Somerset, New Jersey, US"
34035,Somerset,New Jersey,US,4/6/20 23:22,40.56465737,-74.61683016,902,31,0,0,"Somerset, New Jersey, US"
34035,Somerset,New Jersey,US,2020-03-24 23:37:31,40.56465737,-74.61683016,102,1,0,0,"Somerset, New Jersey, US"
34035,Somerset,New Jersey,US,2020-03-26 23:48:35,40.56465737,-74.61683016,179,1,0,0,"Somerset, New Jersey, US"
34037,Sussex,New Jersey,US,4/2/20 23:25,41.13891592,-74.69118243,179,7,0,0,"Sussex, New Jersey, US"
34037,Sussex,New Jersey,US,2020-03-31 23:43:56,41.13891592,-74.69118243,132,0,0,0,"Sussex, New Jersey, US"
34037,Sussex,New Jersey,US,3/29/20 23:08,41.13891592,-74.69118243,93,1,0,0,"Sussex, New Jersey, US"
34037,Sussex,New Jersey,US,2020-04-10 22:54:07,41.13891592,-74.69118243,413,26,0,0,"Sussex, New Jersey, US"
34037,Sussex,New Jersey,US,2020-04-03 22:46:37,41.13891592,-74.69118243,210,8,0,0,"Sussex, New Jersey, US"
34037,Sussex,New Jersey,US,2020-04-11 22:45:33,41.13891592,-74.69118243,456,27,0,0,"Sussex, New Jersey, US"
34037,Sussex,New Jersey,US,3/30/20 22:52,41.13891592,-74.69118243,113,1,0,0,"Sussex, New Jersey, US"
34037,Sussex,New Jersey,US,2020-03-23 23:19:34,41.13891592,-74.69118243,15,0,0,0,"Sussex, New Jersey, US"
34037,Sussex,New Jersey,US,2020-03-24 23:37:31,41.13891592,-74.69118243,18,0,0,0,"Sussex, New Jersey, US"
34037,Sussex,New Jersey,US,2020-04-09 23:02:37,41.13891592,-74.69118243,392,21,0,0,"Sussex, New Jersey, US"
34037,Sussex,New Jersey,US,2020-04-01 21:58:49,41.13891592,-74.69118243,158,6,0,0,"Sussex, New Jersey, US"
34037,Sussex,New Jersey,US,2020-04-12 23:18:15,41.13891592,-74.69118243,483,35,0,448,"Sussex, New Jersey, US"
34037,Sussex,New Jersey,US,2020-03-27 22:14:55,41.13891592,-74.69118243,65,0,0,0,"Sussex, New Jersey, US"
34037,Sussex,New Jersey,US,2020-04-05 23:06:45,41.13891592,-74.69118243,267,9,0,0,"Sussex, New Jersey, US"
34037,Sussex,New Jersey,US,2020-03-25 23:33:19,41.13891592,-74.69118243,27,0,0,0,"Sussex, New Jersey, US"
34037,Sussex,New Jersey,US,4/6/20 23:22,41.13891592,-74.69118243,292,11,0,0,"Sussex, New Jersey, US"
34037,Sussex,New Jersey,US,2020-04-07 23:04:49,41.13891592,-74.69118243,331,15,0,0,"Sussex, New Jersey, US"
34037,Sussex,New Jersey,US,4/4/20 23:34,41.13891592,-74.69118243,236,9,0,0,"Sussex, New Jersey, US"
34037,Sussex,New Jersey,US,3/22/20 23:45,41.13891592,-74.69118243,12,0,0,0,"Sussex, New Jersey, US"
34037,Sussex,New Jersey,US,2020-03-26 23:48:35,41.13891592,-74.69118243,49,0,0,0,"Sussex, New Jersey, US"
34037,Sussex,New Jersey,US,2020-04-08 22:51:58,41.13891592,-74.69118243,357,21,0,0,"Sussex, New Jersey, US"
34037,Sussex,New Jersey,US,3/28/20 23:05,41.13891592,-74.69118243,81,0,0,0,"Sussex, New Jersey, US"
90034,Unassigned,New Jersey,US,2020-04-10 22:54:07,,,649,2,0,0,"Unassigned, New Jersey, US"
,Unassigned,New Jersey,US,3/22/20 23:45,0,0,221,4,0,0,"Unassigned, New Jersey, US"
,Unassigned,New Jersey,US,3/29/20 23:08,0,0,3020,56,0,0,"Unassigned, New Jersey, US"
,Unassigned,New Jersey,US,2020-03-27 22:14:55,0.0,0.0,1984,82,0,0,"Unassigned, New Jersey, US"
,Unassigned,New Jersey,US,2020-03-31 23:43:56,0.0,0.0,3686,247,0,0,"Unassigned, New Jersey, US"
,Unassigned,New Jersey,US,2020-03-23 23:19:34,0.0,0.0,419,9,0,0,"Unassigned, New Jersey, US"
,Unassigned,New Jersey,US,2020-04-01 21:58:49,0.0,0.0,4512,0,0,0,"Unassigned, New Jersey, US"
90034,Unassigned,New Jersey,US,2020-04-07 23:04:49,,,2207,5,0,0,"Unassigned, New Jersey, US"
90034,Unassigned,New Jersey,US,4/6/20 23:22,,,3521,14,0,0,"Unassigned, New Jersey, US"
90034,Unassigned,New Jersey,US,2020-04-11 22:45:33,,,924,2,0,0,"Unassigned, New Jersey, US"
,Unassigned,New Jersey,US,2020-03-26 23:48:35,0.0,0.0,1478,63,0,0,"Unassigned, New Jersey, US"
90034,Unassigned,New Jersey,US,4/2/20 23:25,,,4866,4,0,0,"Unassigned, New Jersey, US"
90034,Unassigned,New Jersey,US,2020-04-05 23:06:45,,,3821,13,0,0,"Unassigned, New Jersey, US"
90034,Unassigned,New Jersey,US,2020-04-03 22:46:37,,,4808,4,0,0,"Unassigned, New Jersey, US"
,Unassigned,New Jersey,US,3/28/20 23:05,0,0,2478,86,0,0,"Unassigned, New Jersey, US"
,Unassigned,New Jersey,US,2020-03-24 23:37:31,0.0,0.0,645,26,0,0,"Unassigned, New Jersey, US"
90034,Unassigned,New Jersey,US,4/4/20 23:34,,,3935,14,0,0,"Unassigned, New Jersey, US"
90034,Unassigned,New Jersey,US,2020-04-12 23:18:15,,,1274,2,0,1272,"Unassigned, New Jersey, US"
,Unassigned,New Jersey,US,2020-03-25 23:33:19,0.0,0.0,930,44,0,0,"Unassigned, New Jersey, US"
90034,Unassigned,New Jersey,US,2020-04-09 23:02:37,,,996,4,0,0,"Unassigned, New Jersey, US"
,Unassigned,New Jersey,US,3/30/20 22:52,0,0,3847,91,0,0,"Unassigned, New Jersey, US"
90034,Unassigned,New Jersey,US,2020-04-08 22:51:58,,,1391,4,0,0,"Unassigned, New Jersey, US"
34039,Union,New Jersey,US,2020-04-12 23:18:15,40.65835409,-74.30680092,6180,209,0,5971,"Union, New Jersey, US"
34039,Union,New Jersey,US,2020-04-01 21:58:49,40.65835409,-74.30680092,1661,29,0,0,"Union, New Jersey, US"
34039,Union,New Jersey,US,2020-03-25 23:33:19,40.65835409,-74.30680092,262,0,0,0,"Union, New Jersey, US"
34039,Union,New Jersey,US,2020-04-03 22:46:37,40.65835409,-74.30680092,2487,45,0,0,"Union, New Jersey, US"
34039,Union,New Jersey,US,4/6/20 23:22,40.65835409,-74.30680092,3685,78,0,0,"Union, New Jersey, US"
34039,Union,New Jersey,US,3/29/20 23:08,40.65835409,-74.30680092,896,7,0,0,"Union, New Jersey, US"
34039,Union,New Jersey,US,2020-04-09 23:02:37,40.65835409,-74.30680092,5203,145,0,0,"Union, New Jersey, US"
34039,Union,New Jersey,US,2020-04-07 23:04:49,40.65835409,-74.30680092,4368,95,0,0,"Union, New Jersey, US"
34039,Union,New Jersey,US,3/30/20 22:52,40.65835409,-74.30680092,1213,7,0,0,"Union, New Jersey, US"
34039,Union,New Jersey,US,2020-03-26 23:48:35,40.65835409,-74.30680092,432,0,0,0,"Union, New Jersey, US"
34039,Union,New Jersey,US,4/2/20 23:25,40.65835409,-74.30680092,2010,34,0,0,"Union, New Jersey, US"
34039,Union,New Jersey,US,3/22/20 23:45,40.65835409,-74.30680092,124,0,0,0,"Union, New Jersey, US"
34039,Union,New Jersey,US,4/4/20 23:34,40.65835409,-74.30680092,2916,66,0,0,"Union, New Jersey, US"
34039,Union,New Jersey,US,2020-04-08 22:51:58,40.65835409,-74.30680092,4831,125,0,0,"Union, New Jersey, US"
34039,Union,New Jersey,US,2020-03-23 23:19:34,40.65835409,-74.30680092,189,0,0,0,"Union, New Jersey, US"
34039,Union,New Jersey,US,2020-04-10 22:54:07,40.65835409,-74.30680092,5575,161,0,0,"Union, New Jersey, US"
34039,Union,New Jersey,US,3/28/20 23:05,40.65835409,-74.30680092,742,0,0,0,"Union, New Jersey, US"
34039,Union,New Jersey,US,2020-03-27 22:14:55,40.65835409,-74.30680092,519,0,0,0,"Union, New Jersey, US"
34039,Union,New Jersey,US,2020-04-05 23:06:45,40.65835409,-74.30680092,3216,71,0,0,"Union, New Jersey, US"
34039,Union,New Jersey,US,2020-03-24 23:37:31,40.65835409,-74.30680092,246,0,0,0,"Union, New Jersey, US"
34039,Union,New Jersey,US,2020-04-11 22:45:33,40.65835409,-74.30680092,5865,195,0,0,"Union, New Jersey, US"
34039,Union,New Jersey,US,2020-03-31 23:43:56,40.65835409,-74.30680092,1418,0,0,0,"Union, New Jersey, US"
34041,Warren,New Jersey,US,2020-04-01 21:58:49,40.85951833,-74.99556527,96,3,0,0,"Warren, New Jersey, US"
34041,Warren,New Jersey,US,2020-04-10 22:54:07,40.85951833,-74.99556527,337,15,0,0,"Warren, New Jersey, US"
34041,Warren,New Jersey,US,3/22/20 23:45,40.85951833,-74.99556527,9,0,0,0,"Warren, New Jersey, US"
34041,Warren,New Jersey,US,2020-03-23 23:19:34,40.85951833,-74.99556527,12,0,0,0,"Warren, New Jersey, US"
34041,Warren,New Jersey,US,2020-03-24 23:37:31,40.85951833,-74.99556527,15,0,0,0,"Warren, New Jersey, US"
34041,Warren,New Jersey,US,2020-03-25 23:33:19,40.85951833,-74.99556527,18,0,0,0,"Warren, New Jersey, US"
34041,Warren,New Jersey,US,2020-03-26 23:48:35,40.85951833,-74.99556527,31,0,0,0,"Warren, New Jersey, US"
34041,Warren,New Jersey,US,2020-03-27 22:14:55,40.85951833,-74.99556527,38,0,0,0,"Warren, New Jersey, US"
34041,Warren,New Jersey,US,3/28/20 23:05,40.85951833,-74.99556527,51,0,0,0,"Warren, New Jersey, US"
34041,Warren,New Jersey,US,3/29/20 23:08,40.85951833,-74.99556527,56,1,0,0,"Warren, New Jersey, US"
34041,Warren,New Jersey,US,2020-04-11 22:45:33,40.85951833,-74.99556527,362,18,0,0,"Warren, New Jersey, US"
34041,Warren,New Jersey,US,3/30/20 22:52,40.85951833,-74.99556527,68,1,0,0,"Warren, New Jersey, US"
34041,Warren,New Jersey,US,4/2/20 23:25,40.85951833,-74.99556527,116,3,0,0,"Warren, New Jersey, US"
34041,Warren,New Jersey,US,2020-04-03 22:46:37,40.85951833,-74.99556527,149,3,0,0,"Warren, New Jersey, US"
34041,Warren,New Jersey,US,4/4/20 23:34,40.85951833,-74.99556527,182,6,0,0,"Warren, New Jersey, US"
34041,Warren,New Jersey,US,2020-04-05 23:06:45,40.85951833,-74.99556527,195,6,0,0,"Warren, New Jersey, US"
34041,Warren,New Jersey,US,4/6/20 23:22,40.85951833,-74.99556527,215,7,0,0,"Warren, New Jersey, US"
34041,Warren,New Jersey,US,2020-04-07 23:04:49,40.85951833,-74.99556527,255,7,0,0,"Warren, New Jersey, US"
34041,Warren,New Jersey,US,2020-04-08 22:51:58,40.85951833,-74.99556527,289,9,0,0,"Warren, New Jersey, US"
34041,Warren,New Jersey,US,2020-04-09 23:02:37,40.85951833,-74.99556527,319,9,0,0,"Warren, New Jersey, US"
34041,Warren,New Jersey,US,2020-03-31 23:43:56,40.85951833,-74.99556527,76,0,0,0,"Warren, New Jersey, US"
34041,Warren,New Jersey,US,2020-04-12 23:18:15,40.85951833,-74.99556527,395,22,0,373,"Warren, New Jersey, US"
